<?xml version = '1.0' encoding = 'UTF-8'?>
<Relation class="oracle.dbtools.crest.model.design.logical.Relation" name="ProductoEnFactura" directorySegmentName="seg_0" id="201303EA-A6CB-6C0B-D279-8AD74A8C345C">
<createdBy>LUIS FELIPE</createdBy>
<createdTime>2023-09-27 01:11:29 UTC</createdTime>
<ownerDesignName>ModeloRelacionalFinal</ownerDesignName>
<engineerTo>
<item key="85DA9EEE-8C53-F971-53E3-F706751F3C25" value="true"/>
</engineerTo>
<identifying>false</identifying>
<optionalSource>false</optionalSource>
<optionalTarget>true</optionalTarget>
<sourceCardinality>*</sourceCardinality>
<sourceEntity>78729022-243B-5D10-830A-B82D55D45C7F</sourceEntity>
<targetCardinalityString>*</targetCardinalityString>
<targetEntity>5C157835-DC79-45B5-A7EA-7785B2541F65</targetEntity>
<transferable>true</transferable>
<deleteRule>NO ACTION</deleteRule>
</Relation>