<?xml version = '1.0' encoding = 'UTF-8'?>
<Relation class="oracle.dbtools.crest.model.design.logical.Relation" name="Relation_16" directorySegmentName="seg_0" id="24323565-FC07-9C16-7F22-19EA9768F62A">
<createdBy>LUIS FELIPE</createdBy>
<createdTime>2023-09-27 01:12:08 UTC</createdTime>
<ownerDesignName>ModeloRelacionalFinal</ownerDesignName>
<engineerTo>
<item key="85DA9EEE-8C53-F971-53E3-F706751F3C25" value="true"/>
</engineerTo>
<sourcePk>36028F67-C12F-9B3A-D4BD-C6E8DD5B7148</sourcePk>
<dominantRole>29CED52B-41AC-928B-9206-AAB372CEBB35</dominantRole>
<identifying>false</identifying>
<optionalSource>false</optionalSource>
<optionalTarget>false</optionalTarget>
<sourceCardinality>1</sourceCardinality>
<sourceEntity>29CED52B-41AC-928B-9206-AAB372CEBB35</sourceEntity>
<targetCardinalityString>1</targetCardinalityString>
<targetEntity>9343CF10-55B7-EDEC-2DE9-6C8F9C8DC375</targetEntity>
<transferable>true</transferable>
<deleteRule>NO ACTION</deleteRule>
</Relation>