<?xml version = '1.0' encoding = 'UTF-8'?>
<Relation class="oracle.dbtools.crest.model.design.logical.Relation" name="Relation_1" directorySegmentName="seg_0" id="34D75A8B-8AF8-41D7-E88F-AEF37D766DF8">
<createdBy>LUIS FELIPE</createdBy>
<createdTime>2023-09-27 00:43:35 UTC</createdTime>
<ownerDesignName>ModeloRelacionalFinal</ownerDesignName>
<engineerTo>
<item key="85DA9EEE-8C53-F971-53E3-F706751F3C25" value="true"/>
</engineerTo>
<sourcePk>FCFC6F7B-430E-20D4-9909-E8E77D25A364</sourcePk>
<targetPk>AFD8B1DB-F91E-A24B-E0D4-E383A0A279DC</targetPk>
<identifying>false</identifying>
<optionalSource>false</optionalSource>
<optionalTarget>true</optionalTarget>
<sourceCardinality>1</sourceCardinality>
<sourceEntity>FA8FB2C5-37D8-E368-4AC6-172E7E558A31</sourceEntity>
<targetCardinalityString>1</targetCardinalityString>
<targetEntity>8EE2C06E-95B4-8570-CAB2-F7A91737AFE4</targetEntity>
<transferable>true</transferable>
<deleteRule>NO ACTION</deleteRule>
</Relation>