<?xml version = '1.0' encoding = 'UTF-8'?>
<Relation class="oracle.dbtools.crest.model.design.logical.Relation" name="Relation_4" directorySegmentName="seg_0" id="4C7DEF62-7447-C241-EBAF-65DBCF7BCB86">
<createdBy>LUIS FELIPE</createdBy>
<createdTime>2023-09-27 00:50:25 UTC</createdTime>
<ownerDesignName>ModeloRelacionalFinal</ownerDesignName>
<engineerTo>
<item key="85DA9EEE-8C53-F971-53E3-F706751F3C25" value="true"/>
</engineerTo>
<sourcePk>26D1BDD1-2DBD-EEAE-2008-D4D35BC2DC88</sourcePk>
<dominantRole>E356575F-239D-9807-ACA7-34FAB5572460</dominantRole>
<identifying>false</identifying>
<optionalSource>false</optionalSource>
<optionalTarget>false</optionalTarget>
<sourceCardinality>1</sourceCardinality>
<sourceEntity>E356575F-239D-9807-ACA7-34FAB5572460</sourceEntity>
<targetCardinalityString>1</targetCardinalityString>
<targetEntity>71342151-70DC-3912-150A-354BA92A3099</targetEntity>
<transferable>true</transferable>
<deleteRule>NO ACTION</deleteRule>
</Relation>