<?xml version = '1.0' encoding = 'UTF-8'?>
<Relation class="oracle.dbtools.crest.model.design.logical.Relation" name="Relation_5" directorySegmentName="seg_0" id="5D46665D-4E15-7AA2-4961-3AFA0BF95D8F">
<createdBy>LUIS FELIPE</createdBy>
<createdTime>2023-09-27 00:51:35 UTC</createdTime>
<ownerDesignName>ModeloRelacionalFinal</ownerDesignName>
<engineerTo>
<item key="85DA9EEE-8C53-F971-53E3-F706751F3C25" value="true"/>
</engineerTo>
<sourcePk>FCFC6F7B-430E-20D4-9909-E8E77D25A364</sourcePk>
<identifying>false</identifying>
<optionalSource>false</optionalSource>
<optionalTarget>false</optionalTarget>
<sourceCardinality>1</sourceCardinality>
<sourceEntity>FA8FB2C5-37D8-E368-4AC6-172E7E558A31</sourceEntity>
<targetCardinalityString>*</targetCardinalityString>
<targetEntity>29CED52B-41AC-928B-9206-AAB372CEBB35</targetEntity>
<transferable>true</transferable>
<deleteRule>NO ACTION</deleteRule>
</Relation>