<?xml version = '1.0' encoding = 'UTF-8'?>
<Relation class="oracle.dbtools.crest.model.design.logical.Relation" name="Relation_3" directorySegmentName="seg_0" id="8B9E28C0-739E-6B1A-E862-57759302BB63">
<createdBy>LUIS FELIPE</createdBy>
<createdTime>2023-09-27 00:49:11 UTC</createdTime>
<ownerDesignName>ModeloRelacionalFinal</ownerDesignName>
<engineerTo>
<item key="85DA9EEE-8C53-F971-53E3-F706751F3C25" value="true"/>
</engineerTo>
<sourcePk>15CF1B64-11E2-CA9B-8A0B-9F1D46320166</sourcePk>
<dominantRole>9ACAE6F2-294B-96C9-9196-4483E48EF5B7</dominantRole>
<identifying>false</identifying>
<optionalSource>false</optionalSource>
<optionalTarget>true</optionalTarget>
<sourceCardinality>1</sourceCardinality>
<sourceEntity>9ACAE6F2-294B-96C9-9196-4483E48EF5B7</sourceEntity>
<targetCardinalityString>1</targetCardinalityString>
<targetEntity>71342151-70DC-3912-150A-354BA92A3099</targetEntity>
<transferable>true</transferable>
<deleteRule>NO ACTION</deleteRule>
</Relation>