<?xml version = '1.0' encoding = 'UTF-8'?>
<Relation class="oracle.dbtools.crest.model.design.logical.Relation" name="Relation_15" directorySegmentName="seg_0" id="8C8D3E6D-74A3-DF29-21F4-C74635B56266">
<createdBy>LUIS FELIPE</createdBy>
<createdTime>2023-09-27 01:11:53 UTC</createdTime>
<ownerDesignName>ModeloRelacionalFinal</ownerDesignName>
<engineerTo>
<item key="85DA9EEE-8C53-F971-53E3-F706751F3C25" value="true"/>
</engineerTo>
<sourcePk>E52752DA-50D0-26C3-3C20-3C8C97E37387</sourcePk>
<dominantRole>5C157835-DC79-45B5-A7EA-7785B2541F65</dominantRole>
<identifying>false</identifying>
<optionalSource>false</optionalSource>
<optionalTarget>false</optionalTarget>
<sourceCardinality>1</sourceCardinality>
<sourceEntity>5C157835-DC79-45B5-A7EA-7785B2541F65</sourceEntity>
<targetCardinalityString>1</targetCardinalityString>
<targetEntity>29CED52B-41AC-928B-9206-AAB372CEBB35</targetEntity>
<transferable>true</transferable>
<deleteRule>NO ACTION</deleteRule>
</Relation>