<?xml version = '1.0' encoding = 'UTF-8'?>
<Relation class="oracle.dbtools.crest.model.design.logical.Relation" name="Relation_12" directorySegmentName="seg_0" id="9100263B-5ACC-F06F-9B4A-D06D17920143">
<createdBy>LUIS FELIPE</createdBy>
<createdTime>2023-09-27 01:10:20 UTC</createdTime>
<ownerDesignName>ModeloRelacionalFinal</ownerDesignName>
<engineerTo>
<item key="85DA9EEE-8C53-F971-53E3-F706751F3C25" value="true"/>
</engineerTo>
<sourcePk>11364033-B415-B7AB-9F2E-6539D0FF3EDE</sourcePk>
<identifying>false</identifying>
<optionalSource>true</optionalSource>
<optionalTarget>true</optionalTarget>
<sourceCardinality>1</sourceCardinality>
<sourceEntity>2436FE21-EDC2-8ADA-A510-20A3362CB7F5</sourceEntity>
<targetCardinalityString>*</targetCardinalityString>
<targetEntity>78729022-243B-5D10-830A-B82D55D45C7F</targetEntity>
<transferable>true</transferable>
<deleteRule>NO ACTION</deleteRule>
</Relation>