<?xml version = '1.0' encoding = 'UTF-8'?>
<Relation class="oracle.dbtools.crest.model.design.logical.Relation" name="Reserva_Habitacion" directorySegmentName="seg_0" id="B78D6E6A-27CE-9BD9-B849-F16DFAE3C3F9">
<createdBy>LUIS FELIPE</createdBy>
<createdTime>2023-09-27 00:46:15 UTC</createdTime>
<ownerDesignName>ModeloRelacionalFinal</ownerDesignName>
<engineerTo>
<item key="85DA9EEE-8C53-F971-53E3-F706751F3C25" value="true"/>
</engineerTo>
<sourcePk>FCFC6F7B-430E-20D4-9909-E8E77D25A364</sourcePk>
<identifying>false</identifying>
<optionalSource>false</optionalSource>
<optionalTarget>false</optionalTarget>
<sourceCardinality>*</sourceCardinality>
<sourceEntity>FA8FB2C5-37D8-E368-4AC6-172E7E558A31</sourceEntity>
<targetCardinalityString>*</targetCardinalityString>
<targetEntity>71342151-70DC-3912-150A-354BA92A3099</targetEntity>
<transferable>true</transferable>
<deleteRule>NO ACTION</deleteRule>
<attributes itemClass="oracle.dbtools.crest.model.design.logical.Attribute">
<attribute name="codigo" id="94365D81-34EE-1D28-99D0-7404046A7F6D">
<createdBy>LUIS FELIPE</createdBy>
<createdTime>2023-09-27 00:46:25 UTC</createdTime>
<ownerDesignName>ModeloRelacionalFinal</ownerDesignName>
<engineerTo>
<item key="85DA9EEE-8C53-F971-53E3-F706751F3C25" value="true"/>
</engineerTo>
<useDomainConstraints>false</useDomainConstraints>
<use>1</use>
<logicalDatatype>LOGDT011</logicalDatatype>
<ownDataTypeParameters>,,</ownDataTypeParameters>
</attribute>
<attribute name="fecha_inicio" id="8BAD2CFC-8621-971A-7AE8-3D2C9B059AF9">
<createdBy>LUIS FELIPE</createdBy>
<createdTime>2023-09-27 00:46:35 UTC</createdTime>
<ownerDesignName>ModeloRelacionalFinal</ownerDesignName>
<engineerTo>
<item key="85DA9EEE-8C53-F971-53E3-F706751F3C25" value="true"/>
</engineerTo>
<useDomainConstraints>false</useDomainConstraints>
<use>1</use>
<logicalDatatype>LOGDT007</logicalDatatype>
<ownDataTypeParameters>,,</ownDataTypeParameters>
</attribute>
<attribute name="fecha_fin" id="F628E1B1-61CA-1B50-1E9A-5939E2BD1F64">
<createdBy>LUIS FELIPE</createdBy>
<createdTime>2023-09-27 00:46:44 UTC</createdTime>
<ownerDesignName>ModeloRelacionalFinal</ownerDesignName>
<engineerTo>
<item key="85DA9EEE-8C53-F971-53E3-F706751F3C25" value="true"/>
</engineerTo>
<useDomainConstraints>false</useDomainConstraints>
<use>1</use>
<logicalDatatype>LOGDT007</logicalDatatype>
<ownDataTypeParameters>,,</ownDataTypeParameters>
</attribute>
<attribute name="check_in" id="F3175813-6F9E-A1F8-0671-982ECB33DEE2">
<createdBy>LUIS FELIPE</createdBy>
<createdTime>2023-09-27 00:46:58 UTC</createdTime>
<ownerDesignName>ModeloRelacionalFinal</ownerDesignName>
<engineerTo>
<item key="85DA9EEE-8C53-F971-53E3-F706751F3C25" value="true"/>
</engineerTo>
<useDomainConstraints>false</useDomainConstraints>
<use>1</use>
<logicalDatatype>LOGDT006</logicalDatatype>
<dataTypeSize>1</dataTypeSize>
<ownDataTypeParameters>1,,</ownDataTypeParameters>
</attribute>
<attribute name="check_out" id="05F2B48E-B44D-1F98-1A2E-377951454C94">
<createdBy>LUIS FELIPE</createdBy>
<createdTime>2023-09-27 00:47:18 UTC</createdTime>
<ownerDesignName>ModeloRelacionalFinal</ownerDesignName>
<engineerTo>
<item key="85DA9EEE-8C53-F971-53E3-F706751F3C25" value="true"/>
</engineerTo>
<useDomainConstraints>false</useDomainConstraints>
<use>1</use>
<logicalDatatype>LOGDT006</logicalDatatype>
<dataTypeSize>1</dataTypeSize>
<ownDataTypeParameters>1,,</ownDataTypeParameters>
</attribute>
</attributes>
</Relation>