<?xml version = '1.0' encoding = 'UTF-8'?>
<Relation class="oracle.dbtools.crest.model.design.logical.Relation" name="Relation_13" directorySegmentName="seg_0" id="DB94C324-EC97-CA5E-8D22-AF28EBE555C8">
<createdBy>LUIS FELIPE</createdBy>
<createdTime>2023-09-27 01:10:24 UTC</createdTime>
<ownerDesignName>ModeloRelacionalFinal</ownerDesignName>
<engineerTo>
<item key="85DA9EEE-8C53-F971-53E3-F706751F3C25" value="true"/>
</engineerTo>
<sourcePk>11364033-B415-B7AB-9F2E-6539D0FF3EDE</sourcePk>
<identifying>false</identifying>
<optionalSource>true</optionalSource>
<optionalTarget>true</optionalTarget>
<sourceCardinality>1</sourceCardinality>
<sourceEntity>B3EA35BA-E7DC-EAB7-9567-AAF2B0293CF7</sourceEntity>
<targetCardinalityString>*</targetCardinalityString>
<targetEntity>78729022-243B-5D10-830A-B82D55D45C7F</targetEntity>
<transferable>true</transferable>
<deleteRule>NO ACTION</deleteRule>
</Relation>