<?xml version = '1.0' encoding = 'UTF-8'?>
<Relation class="oracle.dbtools.crest.model.design.logical.Relation" name="Relation_11" directorySegmentName="seg_0" id="E2347056-1594-702C-F979-629AC2B70249">
<createdBy>LUIS FELIPE</createdBy>
<createdTime>2023-09-27 01:10:16 UTC</createdTime>
<ownerDesignName>ModeloRelacionalFinal</ownerDesignName>
<engineerTo>
<item key="85DA9EEE-8C53-F971-53E3-F706751F3C25" value="true"/>
</engineerTo>
<sourcePk>11364033-B415-B7AB-9F2E-6539D0FF3EDE</sourcePk>
<identifying>false</identifying>
<optionalSource>true</optionalSource>
<optionalTarget>true</optionalTarget>
<sourceCardinality>1</sourceCardinality>
<sourceEntity>DD7D7F70-C413-378B-58DF-E1154032E1E3</sourceEntity>
<targetCardinalityString>*</targetCardinalityString>
<targetEntity>78729022-243B-5D10-830A-B82D55D45C7F</targetEntity>
<transferable>true</transferable>
<deleteRule>NO ACTION</deleteRule>
</Relation>