<?xml version = '1.0' encoding = 'UTF-8'?>
<Relation class="oracle.dbtools.crest.model.design.logical.Relation" name="Reserva_Servicio" directorySegmentName="seg_0" id="F0C0322D-AF19-1419-B979-F02D5E5330FE">
<createdBy>LUIS FELIPE</createdBy>
<createdTime>2023-09-27 01:07:32 UTC</createdTime>
<ownerDesignName>ModeloRelacionalFinal</ownerDesignName>
<engineerTo>
<item key="85DA9EEE-8C53-F971-53E3-F706751F3C25" value="true"/>
</engineerTo>
<identifying>false</identifying>
<optionalSource>false</optionalSource>
<optionalTarget>false</optionalTarget>
<sourceCardinality>*</sourceCardinality>
<sourceEntity>FA8FB2C5-37D8-E368-4AC6-172E7E558A31</sourceEntity>
<targetCardinalityString>*</targetCardinalityString>
<targetEntity>9343CF10-55B7-EDEC-2DE9-6C8F9C8DC375</targetEntity>
<transferable>true</transferable>
<deleteRule>NO ACTION</deleteRule>
<attributes itemClass="oracle.dbtools.crest.model.design.logical.Attribute">
<attribute name="fecha_reserva" id="9F7F4797-3B05-6CA0-31BD-5F4050734E5C">
<createdBy>LUIS FELIPE</createdBy>
<createdTime>2023-09-27 01:08:08 UTC</createdTime>
<ownerDesignName>ModeloRelacionalFinal</ownerDesignName>
<engineerTo>
<item key="85DA9EEE-8C53-F971-53E3-F706751F3C25" value="true"/>
</engineerTo>
<useDomainConstraints>false</useDomainConstraints>
<use>1</use>
<logicalDatatype>LOGDT007</logicalDatatype>
<ownDataTypeParameters>,,</ownDataTypeParameters>
</attribute>
<attribute name="codigo" id="C09779CF-56A4-27FA-B681-74F130195A64">
<createdBy>LUIS FELIPE</createdBy>
<createdTime>2023-09-27 01:08:27 UTC</createdTime>
<ownerDesignName>ModeloRelacionalFinal</ownerDesignName>
<engineerTo>
<item key="85DA9EEE-8C53-F971-53E3-F706751F3C25" value="true"/>
</engineerTo>
<useDomainConstraints>false</useDomainConstraints>
<use>1</use>
<logicalDatatype>LOGDT011</logicalDatatype>
<ownDataTypeParameters>,,</ownDataTypeParameters>
</attribute>
</attributes>
</Relation>