<?xml version = '1.0' encoding = 'UTF-8'?>
<FKIndexAssociation class="oracle.dbtools.crest.model.design.relational.FKIndexAssociation" directorySegmentName="seg_0" id="20BBE0EA-DD12-81B6-8641-1EDE68FDEE47" containerWithKeyObject="C9E60E6E-FE40-478C-A8C6-7D349C9DD769" localFKIndex="740E509F-FFC6-E065-E88C-B77D4F313C2B" name="Usuarios_TiposUsuario_FK">
<createdBy>LUIS FELIPE</createdBy>
<createdTime>2023-09-27 01:40:15 UTC</createdTime>
<generatorID>4C7DEF62-7447-C241-EBAF-65DBCF7BCB86</generatorID>
<ownerDesignName>ModeloRelacionalFinal</ownerDesignName>
<referredTableLongName>TiposUsuario</referredTableLongName>
<deleteRule>NO ACTION</deleteRule>
<referredTableID>B7C7AA80-2125-0C96-16C7-98680A29CFDA</referredTableID>
<keyObject>AA62D93A-3C2D-AE40-6646-32636ADBA3DE</keyObject>
<referredKeyID>AA62D93A-3C2D-AE40-6646-32636ADBA3DE</referredKeyID>
<mandatory>true</mandatory>
<refColNames>nombre</refColNames>
<transferable>true</transferable>
<rely>false</rely>
<columnDependencyConstraintGenerateInDDL>true</columnDependencyConstraintGenerateInDDL>
</FKIndexAssociation>