<?xml version = '1.0' encoding = 'UTF-8'?>
<FKIndexAssociation class="oracle.dbtools.crest.model.design.relational.FKIndexAssociation" directorySegmentName="seg_0" id="240A1BA1-D791-33D3-FCA4-444CDF0278A8" containerWithKeyObject="16F1F8D2-09C4-DAD7-5ED7-00A0B640A1B1" localFKIndex="F2445287-86ED-F3D6-8A0A-49A829FFB647" name="Habits_TiposHabit_FK">
<createdBy>LUIS FELIPE</createdBy>
<createdTime>2023-09-27 01:13:16 UTC</createdTime>
<generatorID>34D75A8B-8AF8-41D7-E88F-AEF37D766DF8</generatorID>
<ownerDesignName>ModeloRelacionalFinal</ownerDesignName>
<referredTableLongName>TiposHabitacion</referredTableLongName>
<deleteRule>NO ACTION</deleteRule>
<referredTableID>DA2D8984-B069-9DBD-7F67-915CA6FFE058</referredTableID>
<keyObject>3B480BC7-A7CC-8DC9-858E-6E1EF63A135B</keyObject>
<referredKeyID>3B480BC7-A7CC-8DC9-858E-6E1EF63A135B</referredKeyID>
<mandatory>true</mandatory>
<refColNames>nombre</refColNames>
<transferable>true</transferable>
<rely>false</rely>
<columnDependencyConstraintGenerateInDDL>true</columnDependencyConstraintGenerateInDDL>
</FKIndexAssociation>