<?xml version = '1.0' encoding = 'UTF-8'?>
<FKIndexAssociation class="oracle.dbtools.crest.model.design.relational.FKIndexAssociation" directorySegmentName="seg_0" id="36216198-262B-E4A1-7461-1F7314A8DD65" containerWithKeyObject="6085F1AB-533E-F541-D36C-9139DFAEDD83" localFKIndex="23334EEE-C6CA-6BAB-E09C-38E1B8EACAF0" name="Productos_Restaurantes_FK">
<createdBy>LUIS FELIPE</createdBy>
<createdTime>2023-09-27 01:13:16 UTC</createdTime>
<generatorID>E2347056-1594-702C-F979-629AC2B70249</generatorID>
<ownerDesignName>ModeloRelacionalFinal</ownerDesignName>
<referredTableLongName>Restaurantes</referredTableLongName>
<deleteRule>NO ACTION</deleteRule>
<referredTableID>B9B000BF-C7D8-70C6-DB8C-A6E28F7D2063</referredTableID>
<keyObject>8C93A877-8AA6-DDBD-1BEA-7A9551D90D2B</keyObject>
<referredKeyID>8C93A877-8AA6-DDBD-1BEA-7A9551D90D2B</referredKeyID>
<mandatory>false</mandatory>
<refColNames>id_servicio</refColNames>
<transferable>true</transferable>
<rely>false</rely>
<columnDependencyConstraintGenerateInDDL>true</columnDependencyConstraintGenerateInDDL>
</FKIndexAssociation>