<?xml version = '1.0' encoding = 'UTF-8'?>
<FKIndexAssociation class="oracle.dbtools.crest.model.design.relational.FKIndexAssociation" directorySegmentName="seg_0" id="4D500C9C-4CE8-4AD7-E898-B336CA400742" containerWithKeyObject="854FABE4-0133-3A76-3B56-727EAD5FD092" localFKIndex="9F7FB256-95F7-F444-A096-9EDE1B8DC557" name="Reserva_Habitacion_Usuarios_FK">
<createdBy>LUIS FELIPE</createdBy>
<createdTime>2023-09-27 01:15:24 UTC</createdTime>
<generatorID>B78D6E6A-27CE-9BD9-B849-F16DFAE3C3F9</generatorID>
<ownerDesignName>ModeloRelacionalFinal</ownerDesignName>
<referredTableLongName>Usuarios</referredTableLongName>
<deleteRule>NO ACTION</deleteRule>
<referredTableID>C9E60E6E-FE40-478C-A8C6-7D349C9DD769</referredTableID>
<keyObject>BDD001EE-72D1-5CC4-A084-00834A3F5BA7</keyObject>
<referredKeyID>BDD001EE-72D1-5CC4-A084-00834A3F5BA7</referredKeyID>
<mandatory>true</mandatory>
<refColNames>numero_documento</refColNames>
<transferable>true</transferable>
<rely>false</rely>
<columnDependencyConstraintGenerateInDDL>true</columnDependencyConstraintGenerateInDDL>
</FKIndexAssociation>