<?xml version = '1.0' encoding = 'UTF-8'?>
<FKIndexAssociation class="oracle.dbtools.crest.model.design.relational.FKIndexAssociation" directorySegmentName="seg_0" id="57C85032-3F76-A702-E5DD-D1D2AAEEB2B3" containerWithKeyObject="C9E60E6E-FE40-478C-A8C6-7D349C9DD769" localFKIndex="5DEB17EB-A66A-A3E0-F425-FAE55FA06A99" name="Usuarios_PlanesConsumo_FK">
<createdBy>LUIS FELIPE</createdBy>
<createdTime>2023-09-27 01:40:14 UTC</createdTime>
<generatorID>8B9E28C0-739E-6B1A-E862-57759302BB63</generatorID>
<ownerDesignName>ModeloRelacionalFinal</ownerDesignName>
<referredTableLongName>PlanesConsumo</referredTableLongName>
<deleteRule>NO ACTION</deleteRule>
<referredTableID>16AC6B6F-05A0-EC2F-BBC5-3BEE97C8CEA6</referredTableID>
<keyObject>3D096E66-068F-148C-EBFA-73B8D544BFD7</keyObject>
<referredKeyID>3D096E66-068F-148C-EBFA-73B8D544BFD7</referredKeyID>
<mandatory>false</mandatory>
<refColNames>nombre</refColNames>
<transferable>true</transferable>
<rely>false</rely>
<columnDependencyConstraintGenerateInDDL>true</columnDependencyConstraintGenerateInDDL>
</FKIndexAssociation>