<?xml version = '1.0' encoding = 'UTF-8'?>
<FKIndexAssociation class="oracle.dbtools.crest.model.design.relational.FKIndexAssociation" directorySegmentName="seg_0" id="5FA0B109-292F-5500-AFF0-65ED954D7BA7" containerWithKeyObject="6085F1AB-533E-F541-D36C-9139DFAEDD83" localFKIndex="6C07DEB0-A078-F8BE-B96B-42C77D0CAB35" name="Productos_Tiendas_FK">
<createdBy>LUIS FELIPE</createdBy>
<createdTime>2023-09-27 01:13:16 UTC</createdTime>
<generatorID>DB94C324-EC97-CA5E-8D22-AF28EBE555C8</generatorID>
<ownerDesignName>ModeloRelacionalFinal</ownerDesignName>
<referredTableLongName>Tiendas</referredTableLongName>
<deleteRule>NO ACTION</deleteRule>
<referredTableID>3B443786-302A-6076-3FF7-3B4D8D587588</referredTableID>
<keyObject>1860FA1D-C605-843A-13D0-FDB02A63B4C4</keyObject>
<referredKeyID>1860FA1D-C605-843A-13D0-FDB02A63B4C4</referredKeyID>
<mandatory>false</mandatory>
<refColNames>id_servicio</refColNames>
<transferable>true</transferable>
<rely>false</rely>
<columnDependencyConstraintGenerateInDDL>true</columnDependencyConstraintGenerateInDDL>
</FKIndexAssociation>