<?xml version = '1.0' encoding = 'UTF-8'?>
<FKIndexAssociation class="oracle.dbtools.crest.model.design.relational.FKIndexAssociation" directorySegmentName="seg_0" id="60ABF286-E392-BF28-2EE4-66663490EBE6" containerWithKeyObject="DE56D1F2-2FBB-12FD-7F1F-D84340D33319" localFKIndex="6DA6C263-B472-4187-4843-380B99D48185" name="Consumos_Facturas_FK">
<createdBy>LUIS FELIPE</createdBy>
<createdTime>2023-09-27 01:47:10 UTC</createdTime>
<generatorID>8C8D3E6D-74A3-DF29-21F4-C74635B56266</generatorID>
<ownerDesignName>ModeloRelacionalFinal</ownerDesignName>
<referredTableLongName>Facturas</referredTableLongName>
<deleteRule>NO ACTION</deleteRule>
<referredTableID>89C29900-642D-A4FC-50E4-46635322F396</referredTableID>
<keyObject>9A5C33ED-06DC-3425-6957-8B941F3849E6</keyObject>
<referredKeyID>9A5C33ED-06DC-3425-6957-8B941F3849E6</referredKeyID>
<mandatory>true</mandatory>
<refColNames>numero</refColNames>
<transferable>true</transferable>
<rely>false</rely>
<columnDependencyConstraintGenerateInDDL>true</columnDependencyConstraintGenerateInDDL>
</FKIndexAssociation>