<?xml version = '1.0' encoding = 'UTF-8'?>
<FKIndexAssociation class="oracle.dbtools.crest.model.design.relational.FKIndexAssociation" directorySegmentName="seg_0" id="6A061F78-7C9A-5091-9772-474E02EFA08D" containerWithKeyObject="DE56D1F2-2FBB-12FD-7F1F-D84340D33319" localFKIndex="08CD60E2-2D67-8357-2161-AA2DC965BC02" name="Consumos_Habitaciones_FK">
<createdBy>LUIS FELIPE</createdBy>
<createdTime>2023-09-27 01:13:16 UTC</createdTime>
<generatorID>5D46665D-4E15-7AA2-4961-3AFA0BF95D8F</generatorID>
<ownerDesignName>ModeloRelacionalFinal</ownerDesignName>
<referredTableLongName>Habitaciones</referredTableLongName>
<deleteRule>NO ACTION</deleteRule>
<referredTableID>16F1F8D2-09C4-DAD7-5ED7-00A0B640A1B1</referredTableID>
<keyObject>76930624-E85D-99BF-E32F-95FF191770DF</keyObject>
<referredKeyID>76930624-E85D-99BF-E32F-95FF191770DF</referredKeyID>
<mandatory>true</mandatory>
<refColNames>numero</refColNames>
<transferable>true</transferable>
<rely>false</rely>
<columnDependencyConstraintGenerateInDDL>true</columnDependencyConstraintGenerateInDDL>
</FKIndexAssociation>