<?xml version = '1.0' encoding = 'UTF-8'?>
<FKIndexAssociation class="oracle.dbtools.crest.model.design.relational.FKIndexAssociation" directorySegmentName="seg_0" id="7ECB8297-4537-5490-314B-99E56C248B12" containerWithKeyObject="A9C1DD63-6C05-D23D-598C-E38A7F408B08" localFKIndex="76218358-74C1-D58B-400B-D32D93FCE8AA" name="ServiciosSpa_Servicios_FK">
<createdBy>LUIS FELIPE</createdBy>
<createdTime>2023-09-27 01:13:16 UTC</createdTime>
<generatorID>C3521184-53B6-4D2B-A807-5E4AADDDF951</generatorID>
<ownerDesignName>ModeloRelacionalFinal</ownerDesignName>
<referredTableLongName>Servicios</referredTableLongName>
<deleteRule>NO ACTION</deleteRule>
<referredTableID>87B491C5-25FB-7965-0F6C-939DF4AE6343</referredTableID>
<keyObject>87F51C2C-45EE-915D-099D-75FE63EBFF87</keyObject>
<referredKeyID>87F51C2C-45EE-915D-099D-75FE63EBFF87</referredKeyID>
<mandatory>true</mandatory>
<refColNames>id_servicio</refColNames>
<transferable>true</transferable>
<rely>false</rely>
<columnDependencyConstraintGenerateInDDL>true</columnDependencyConstraintGenerateInDDL>
</FKIndexAssociation>