<?xml version = '1.0' encoding = 'UTF-8'?>
<FKIndexAssociation class="oracle.dbtools.crest.model.design.relational.FKIndexAssociation" directorySegmentName="seg_0" id="816EDD2F-9E67-2D20-1A5A-B3373F84CEE7" containerWithKeyObject="7066CA26-0906-7504-589C-7B1C4950C336" localFKIndex="504A0BEC-2E03-1FD0-AE70-EF46D96A419E" name="Reserv_Serv_Habits_FK">
<createdBy>LUIS FELIPE</createdBy>
<createdTime>2023-09-27 01:13:16 UTC</createdTime>
<generatorID>F0C0322D-AF19-1419-B979-F02D5E5330FE</generatorID>
<ownerDesignName>ModeloRelacionalFinal</ownerDesignName>
<referredTableLongName>Habitaciones</referredTableLongName>
<deleteRule>NO ACTION</deleteRule>
<referredTableID>16F1F8D2-09C4-DAD7-5ED7-00A0B640A1B1</referredTableID>
<keyObject>76930624-E85D-99BF-E32F-95FF191770DF</keyObject>
<referredKeyID>76930624-E85D-99BF-E32F-95FF191770DF</referredKeyID>
<mandatory>true</mandatory>
<refColNames>numero</refColNames>
<transferable>true</transferable>
<rely>false</rely>
<columnDependencyConstraintGenerateInDDL>true</columnDependencyConstraintGenerateInDDL>
</FKIndexAssociation>