<?xml version = '1.0' encoding = 'UTF-8'?>
<FKIndexAssociation class="oracle.dbtools.crest.model.design.relational.FKIndexAssociation" directorySegmentName="seg_0" id="94B7332C-B3DA-9335-31FF-4E3373929E9C" containerWithKeyObject="B9B000BF-C7D8-70C6-DB8C-A6E28F7D2063" localFKIndex="7122F78A-DE93-D325-2E1F-42BD0074E90A" name="Restaurantes_Servicios_FK">
<createdBy>LUIS FELIPE</createdBy>
<createdTime>2023-09-27 01:13:16 UTC</createdTime>
<generatorID>5E40AB07-4A6B-0AA0-D6EE-00135B9CE307</generatorID>
<ownerDesignName>ModeloRelacionalFinal</ownerDesignName>
<referredTableLongName>Servicios</referredTableLongName>
<deleteRule>NO ACTION</deleteRule>
<referredTableID>87B491C5-25FB-7965-0F6C-939DF4AE6343</referredTableID>
<keyObject>87F51C2C-45EE-915D-099D-75FE63EBFF87</keyObject>
<referredKeyID>87F51C2C-45EE-915D-099D-75FE63EBFF87</referredKeyID>
<mandatory>true</mandatory>
<refColNames>id_servicio</refColNames>
<transferable>true</transferable>
<rely>false</rely>
<columnDependencyConstraintGenerateInDDL>true</columnDependencyConstraintGenerateInDDL>
</FKIndexAssociation>