<?xml version = '1.0' encoding = 'UTF-8'?>
<FKIndexAssociation class="oracle.dbtools.crest.model.design.relational.FKIndexAssociation" directorySegmentName="seg_0" id="965631FC-4E5F-F920-B26B-757E748162FA" containerWithKeyObject="854FABE4-0133-3A76-3B56-727EAD5FD092" localFKIndex="F624395E-D960-D567-FB8C-1E3BC7789E1C" name="Reserv_Habit_Habits_FK">
<createdBy>LUIS FELIPE</createdBy>
<createdTime>2023-09-27 01:15:24 UTC</createdTime>
<generatorID>B78D6E6A-27CE-9BD9-B849-F16DFAE3C3F9</generatorID>
<ownerDesignName>ModeloRelacionalFinal</ownerDesignName>
<referredTableLongName>Habitaciones</referredTableLongName>
<deleteRule>NO ACTION</deleteRule>
<referredTableID>16F1F8D2-09C4-DAD7-5ED7-00A0B640A1B1</referredTableID>
<keyObject>76930624-E85D-99BF-E32F-95FF191770DF</keyObject>
<referredKeyID>76930624-E85D-99BF-E32F-95FF191770DF</referredKeyID>
<mandatory>true</mandatory>
<refColNames>numero</refColNames>
<transferable>true</transferable>
<rely>false</rely>
<columnDependencyConstraintGenerateInDDL>true</columnDependencyConstraintGenerateInDDL>
</FKIndexAssociation>