<?xml version = '1.0' encoding = 'UTF-8'?>
<FKIndexAssociation class="oracle.dbtools.crest.model.design.relational.FKIndexAssociation" directorySegmentName="seg_0" id="9F9A1E40-012D-C62E-A889-1ECDBDDB9106" containerWithKeyObject="9DC31C0F-622B-A461-552E-50B7650E98CD" localFKIndex="CA2D0B57-1FD7-3927-D9B2-13966EA1ABA7" name="SalasConferencias_Servicios_FK">
<createdBy>LUIS FELIPE</createdBy>
<createdTime>2023-09-27 01:13:16 UTC</createdTime>
<generatorID>B1E5F0DC-BDBB-150B-4181-17D13C83F5BC</generatorID>
<ownerDesignName>ModeloRelacionalFinal</ownerDesignName>
<referredTableLongName>Servicios</referredTableLongName>
<deleteRule>NO ACTION</deleteRule>
<referredTableID>87B491C5-25FB-7965-0F6C-939DF4AE6343</referredTableID>
<keyObject>87F51C2C-45EE-915D-099D-75FE63EBFF87</keyObject>
<referredKeyID>87F51C2C-45EE-915D-099D-75FE63EBFF87</referredKeyID>
<mandatory>true</mandatory>
<refColNames>id_servicio</refColNames>
<transferable>true</transferable>
<rely>false</rely>
<columnDependencyConstraintGenerateInDDL>true</columnDependencyConstraintGenerateInDDL>
</FKIndexAssociation>