<?xml version = '1.0' encoding = 'UTF-8'?>
<FKIndexAssociation class="oracle.dbtools.crest.model.design.relational.FKIndexAssociation" directorySegmentName="seg_0" id="A87989DE-6FDA-4C36-0491-297A838F7CA0" containerWithKeyObject="7066CA26-0906-7504-589C-7B1C4950C336" localFKIndex="E8F65300-2779-3465-709A-2A397D131727" name="Reserva_Servicio_Servicios_FK">
<createdBy>LUIS FELIPE</createdBy>
<createdTime>2023-09-27 01:13:16 UTC</createdTime>
<generatorID>F0C0322D-AF19-1419-B979-F02D5E5330FE</generatorID>
<ownerDesignName>ModeloRelacionalFinal</ownerDesignName>
<referredTableLongName>Servicios</referredTableLongName>
<deleteRule>NO ACTION</deleteRule>
<referredTableID>87B491C5-25FB-7965-0F6C-939DF4AE6343</referredTableID>
<keyObject>87F51C2C-45EE-915D-099D-75FE63EBFF87</keyObject>
<referredKeyID>87F51C2C-45EE-915D-099D-75FE63EBFF87</referredKeyID>
<mandatory>true</mandatory>
<refColNames>id_servicio</refColNames>
<transferable>true</transferable>
<rely>false</rely>
<columnDependencyConstraintGenerateInDDL>true</columnDependencyConstraintGenerateInDDL>
</FKIndexAssociation>