<?xml version = '1.0' encoding = 'UTF-8'?>
<FKIndexAssociation class="oracle.dbtools.crest.model.design.relational.FKIndexAssociation" directorySegmentName="seg_0" id="B0F7E4A9-3005-5811-103B-8016CCE28D93" containerWithKeyObject="0BF19998-0BFB-F1FE-B725-0F21058E0040" localFKIndex="C3363C31-BC93-47D1-3BAE-44A2A4F0852C" name="ProductoEnFactura_Facturas_FK">
<createdBy>LUIS FELIPE</createdBy>
<createdTime>2023-09-27 01:13:16 UTC</createdTime>
<generatorID>201303EA-A6CB-6C0B-D279-8AD74A8C345C</generatorID>
<ownerDesignName>ModeloRelacionalFinal</ownerDesignName>
<referredTableLongName>Facturas</referredTableLongName>
<deleteRule>NO ACTION</deleteRule>
<referredTableID>89C29900-642D-A4FC-50E4-46635322F396</referredTableID>
<keyObject>9A5C33ED-06DC-3425-6957-8B941F3849E6</keyObject>
<referredKeyID>9A5C33ED-06DC-3425-6957-8B941F3849E6</referredKeyID>
<mandatory>true</mandatory>
<refColNames>numero</refColNames>
<transferable>true</transferable>
<rely>false</rely>
<columnDependencyConstraintGenerateInDDL>true</columnDependencyConstraintGenerateInDDL>
</FKIndexAssociation>