<?xml version = '1.0' encoding = 'UTF-8'?>
<FKIndexAssociation class="oracle.dbtools.crest.model.design.relational.FKIndexAssociation" directorySegmentName="seg_0" id="C72D69C0-EAD3-A211-A6CA-77A6ADCDA834" containerWithKeyObject="87B491C5-25FB-7965-0F6C-939DF4AE6343" localFKIndex="31E2E333-0FFC-F38F-B726-E467FCEA7E24" name="Servicios_Consumos_FK">
<createdBy>LUIS FELIPE</createdBy>
<createdTime>2023-09-27 01:13:16 UTC</createdTime>
<generatorID>24323565-FC07-9C16-7F22-19EA9768F62A</generatorID>
<ownerDesignName>ModeloRelacionalFinal</ownerDesignName>
<referredTableLongName>Consumos</referredTableLongName>
<deleteRule>NO ACTION</deleteRule>
<referredTableID>DE56D1F2-2FBB-12FD-7F1F-D84340D33319</referredTableID>
<keyObject>482BF668-E7FA-0A03-A671-A4C45E38FF0D</keyObject>
<referredKeyID>482BF668-E7FA-0A03-A671-A4C45E38FF0D</referredKeyID>
<mandatory>true</mandatory>
<refColNames>numero_factura</refColNames>
<transferable>true</transferable>
<rely>false</rely>
<columnDependencyConstraintGenerateInDDL>true</columnDependencyConstraintGenerateInDDL>
</FKIndexAssociation>