<?xml version = '1.0' encoding = 'UTF-8'?>
<FKIndexAssociation class="oracle.dbtools.crest.model.design.relational.FKIndexAssociation" directorySegmentName="seg_0" id="CA85A6C5-9133-9FC8-21D5-A01C3AFE7749" containerWithKeyObject="6085F1AB-533E-F541-D36C-9139DFAEDD83" localFKIndex="81893DDB-FEC5-3713-B72B-43824B66C46E" name="Productos_Bares_FK">
<createdBy>LUIS FELIPE</createdBy>
<createdTime>2023-09-27 01:13:16 UTC</createdTime>
<generatorID>77F6D921-8E65-8E62-D4A3-9DD001D500E9</generatorID>
<ownerDesignName>ModeloRelacionalFinal</ownerDesignName>
<referredTableLongName>Bares</referredTableLongName>
<deleteRule>NO ACTION</deleteRule>
<referredTableID>DF27B3BB-6561-433C-7921-A10DF9100A03</referredTableID>
<keyObject>0454828E-C3A1-465C-42B1-3437EC40ED46</keyObject>
<referredKeyID>0454828E-C3A1-465C-42B1-3437EC40ED46</referredKeyID>
<mandatory>false</mandatory>
<refColNames>id_servicio</refColNames>
<transferable>true</transferable>
<rely>false</rely>
<columnDependencyConstraintGenerateInDDL>true</columnDependencyConstraintGenerateInDDL>
</FKIndexAssociation>