<?xml version = '1.0' encoding = 'UTF-8'?>
<FKIndexAssociation class="oracle.dbtools.crest.model.design.relational.FKIndexAssociation" directorySegmentName="seg_0" id="E30D1FB0-B52C-40AB-F0B7-D2452174C1DE" containerWithKeyObject="8AA55BFD-282F-E9A3-D75C-8B13E0D220CF" localFKIndex="33856B49-5B09-E973-59BA-ECEA7717F22E" name="Gimnasios_Servicios_FK">
<createdBy>LUIS FELIPE</createdBy>
<createdTime>2023-09-27 01:13:16 UTC</createdTime>
<generatorID>CFC42D76-AA91-0080-4524-0213D94FDC3F</generatorID>
<ownerDesignName>ModeloRelacionalFinal</ownerDesignName>
<referredTableLongName>Servicios</referredTableLongName>
<deleteRule>NO ACTION</deleteRule>
<referredTableID>87B491C5-25FB-7965-0F6C-939DF4AE6343</referredTableID>
<keyObject>87F51C2C-45EE-915D-099D-75FE63EBFF87</keyObject>
<referredKeyID>87F51C2C-45EE-915D-099D-75FE63EBFF87</referredKeyID>
<mandatory>true</mandatory>
<refColNames>id_servicio</refColNames>
<transferable>true</transferable>
<rely>false</rely>
<columnDependencyConstraintGenerateInDDL>true</columnDependencyConstraintGenerateInDDL>
</FKIndexAssociation>