<?xml version = '1.0' encoding = 'UTF-8'?>
<FKIndexAssociation class="oracle.dbtools.crest.model.design.relational.FKIndexAssociation" directorySegmentName="seg_0" id="E76316B9-935D-7FDB-9ED0-E77B7D351455" containerWithKeyObject="0BF19998-0BFB-F1FE-B725-0F21058E0040" localFKIndex="C484EEC8-AF97-08C2-B644-52BEADE78FFA" name="ProductoEnFactura_Productos_FK">
<createdBy>LUIS FELIPE</createdBy>
<createdTime>2023-09-27 01:13:16 UTC</createdTime>
<generatorID>201303EA-A6CB-6C0B-D279-8AD74A8C345C</generatorID>
<ownerDesignName>ModeloRelacionalFinal</ownerDesignName>
<referredTableLongName>Productos</referredTableLongName>
<deleteRule>NO ACTION</deleteRule>
<referredTableID>6085F1AB-533E-F541-D36C-9139DFAEDD83</referredTableID>
<keyObject>5AC4E8BA-53F0-EC49-85F0-8B88580CE507</keyObject>
<referredKeyID>5AC4E8BA-53F0-EC49-85F0-8B88580CE507</referredKeyID>
<mandatory>true</mandatory>
<refColNames>codigo</refColNames>
<transferable>true</transferable>
<rely>false</rely>
<columnDependencyConstraintGenerateInDDL>true</columnDependencyConstraintGenerateInDDL>
</FKIndexAssociation>