<?xml version = '1.0' encoding = 'UTF-8'?>
<FKIndexAssociation class="oracle.dbtools.crest.model.design.relational.FKIndexAssociation" directorySegmentName="seg_0" id="F0284914-B70E-C2F5-A464-FF03E37E3782" containerWithKeyObject="6085F1AB-533E-F541-D36C-9139DFAEDD83" localFKIndex="919B3CD9-8C92-3DC0-25C2-71D240C2DEDA" name="Productos_Supermercados_FK">
<createdBy>LUIS FELIPE</createdBy>
<createdTime>2023-09-27 01:13:16 UTC</createdTime>
<generatorID>9100263B-5ACC-F06F-9B4A-D06D17920143</generatorID>
<ownerDesignName>ModeloRelacionalFinal</ownerDesignName>
<referredTableLongName>Supermercados</referredTableLongName>
<deleteRule>NO ACTION</deleteRule>
<referredTableID>588AB34A-FF79-617C-4CFA-406B1DBFE053</referredTableID>
<keyObject>2A2C92D8-E2F0-26A4-52E3-80F1EB774D59</keyObject>
<referredKeyID>2A2C92D8-E2F0-26A4-52E3-80F1EB774D59</referredKeyID>
<mandatory>false</mandatory>
<refColNames>id_servicio</refColNames>
<transferable>true</transferable>
<rely>false</rely>
<columnDependencyConstraintGenerateInDDL>true</columnDependencyConstraintGenerateInDDL>
</FKIndexAssociation>