<?xml version = '1.0' encoding = 'UTF-8'?>
<relationalModel class="oracle.dbtools.crest.model.design.relational.RelationalDesign" name="Relational_1" id="85DA9EEE-8C53-F971-53E3-F706751F3C25" mainViewID="46A560D5-D71F-9C1E-AA43-863622E111AB">
<createdBy>LUIS FELIPE</createdBy>
<createdTime>2023-09-27 00:40:37 UTC</createdTime>
<ownerDesignName>ModeloRelacional</ownerDesignName>
<shouldBeOpen>true</shouldBeOpen>
<selectedRDBMSSite>32076570-2523-435C-2E92-BF29817DFF70</selectedRDBMSSite>
</relationalModel>