<?xml version = '1.0' encoding = 'UTF-8'?>
<Diagram class="oracle.dbtools.crest.swingui.relational.DPVRelational" name="Relational_1" id="46A560D5-D71F-9C1E-AA43-863622E111AB">
<createdBy>LUIS FELIPE</createdBy>
<modifiedBy>LUIS FELIPE</modifiedBy>
<createdTime>2023-09-27 01:13:16 UTC</createdTime>
<autoRoute>false</autoRoute>
<boxInbox>true</boxInbox>
<showLegend>false</showLegend>
<showLabels>false</showLabels>
<showRelAttributes>false</showRelAttributes>
<gridEnabled>false</gridEnabled>
<showGrid>false</showGrid>
<diagramColor>-1</diagramColor>
<display>false</display>
<notation>1</notation>
<objectViews>
<OView class="oracle.dbtools.crest.swingui.relational.TVTable" oid="043E2310-7502-F5BB-0295-60C89E6C41F7" otype="Table" vid="1A163892-5388-C511-DAFE-DB1945D1109F">
<hideElementsInCurrentOnly>false</hideElementsInCurrentOnly>
<bounds x="375" y="846" width="94" height="56"/>
</OView>
<OView class="oracle.dbtools.crest.swingui.relational.TVTable" oid="0BF19998-0BFB-F1FE-B725-0F21058E0040" otype="Table" vid="7335795F-26D5-6FB0-C33F-608CC213647C">
<hideElementsInCurrentOnly>false</hideElementsInCurrentOnly>
<bounds x="1449" y="750" width="335" height="137"/>
</OView>
<OView class="oracle.dbtools.crest.swingui.relational.TVTable" oid="16AC6B6F-05A0-EC2F-BBC5-3BEE97C8CEA6" otype="Table" vid="DF5AA568-6F4E-99EB-18D4-1F7D3034C30E">
<hideElementsInCurrentOnly>false</hideElementsInCurrentOnly>
<bounds x="17" y="130" width="126" height="177"/>
</OView>
<OView class="oracle.dbtools.crest.swingui.relational.TVTable" oid="16F1F8D2-09C4-DAD7-5ED7-00A0B640A1B1" otype="Table" vid="F79056DE-867C-CCD4-F78F-9AFF5728E842">
<hideElementsInCurrentOnly>false</hideElementsInCurrentOnly>
<bounds x="583" y="230" width="329" height="248"/>
</OView>
<OView class="oracle.dbtools.crest.swingui.relational.TVTable" oid="3B443786-302A-6076-3FF7-3B4D8D587588" otype="Table" vid="D2BE0BBE-E42F-EA1B-BEAA-4E353DB1ABF6">
<hideElementsInCurrentOnly>false</hideElementsInCurrentOnly>
<bounds x="1069" y="837" width="119" height="43"/>
</OView>
<OView class="oracle.dbtools.crest.swingui.relational.TVTable" oid="588AB34A-FF79-617C-4CFA-406B1DBFE053" otype="Table" vid="C549CE11-C91C-50AA-479A-8C335708E481">
<hideElementsInCurrentOnly>false</hideElementsInCurrentOnly>
<bounds x="1072" y="761" width="113" height="52"/>
</OView>
<OView class="oracle.dbtools.crest.swingui.relational.TVTable" oid="6085F1AB-533E-F541-D36C-9139DFAEDD83" otype="Table" vid="96DCB219-B75A-DD4E-775A-B8A1D1D75237">
<hideElementsInCurrentOnly>false</hideElementsInCurrentOnly>
<bounds x="1245" y="612" width="178" height="285"/>
</OView>
<OView class="oracle.dbtools.crest.swingui.relational.TVTable" oid="623EADDA-D715-3AB3-07ED-44680DCC7F30" otype="Table" vid="00EC7CC6-0EE3-6813-FC03-48C03054DC76">
<hideElementsInCurrentOnly>false</hideElementsInCurrentOnly>
<bounds x="373" y="700" width="88" height="80"/>
</OView>
<OView class="oracle.dbtools.crest.swingui.relational.TVTable" oid="6B4BE1D1-97D8-6E24-B40C-38F2C5B7B637" otype="Table" vid="B30D5D28-BD3E-69EA-CB49-B51472A552B5">
<hideElementsInCurrentOnly>false</hideElementsInCurrentOnly>
<bounds x="642" y="953" width="123" height="67"/>
</OView>
<OView class="oracle.dbtools.crest.swingui.relational.TVTable" oid="6F4D908A-F3AD-0A9C-1DB3-819B1ACD1DDD" otype="Table" vid="2DF2320D-42EB-6CFD-252C-A8D5E63C47BD">
<hideElementsInCurrentOnly>false</hideElementsInCurrentOnly>
<bounds x="925" y="936" width="250" height="124"/>
</OView>
<OView class="oracle.dbtools.crest.swingui.relational.TVTable" oid="7066CA26-0906-7504-589C-7B1C4950C336" otype="Table" vid="AF54A10A-AF44-6496-96CC-DA10CB60416B">
<hideElementsInCurrentOnly>false</hideElementsInCurrentOnly>
<bounds x="25" y="548" width="405" height="168"/>
</OView>
<OView class="oracle.dbtools.crest.swingui.relational.TVTable" oid="854FABE4-0133-3A76-3B56-727EAD5FD092" otype="Table" vid="1184F68B-3138-3047-8667-40728289350A">
<hideElementsInCurrentOnly>false</hideElementsInCurrentOnly>
<bounds x="239" y="12" width="442" height="185"/>
</OView>
<OView class="oracle.dbtools.crest.swingui.relational.TVTable" oid="87B491C5-25FB-7965-0F6C-939DF4AE6343" otype="Table" vid="2A391A07-5C63-82EB-0633-AA52139F59BB">
<hideElementsInCurrentOnly>false</hideElementsInCurrentOnly>
<bounds x="520" y="520" width="491" height="371"/>
</OView>
<OView class="oracle.dbtools.crest.swingui.relational.TVTable" oid="89C29900-642D-A4FC-50E4-46635322F396" otype="Table" vid="722CD17B-8350-AB17-F2C3-7F7249C8856F">
<hideElementsInCurrentOnly>false</hideElementsInCurrentOnly>
<bounds x="1469" y="525" width="278" height="166"/>
</OView>
<OView class="oracle.dbtools.crest.swingui.relational.TVTable" oid="8AA55BFD-282F-E9A3-D75C-8B13E0D220CF" otype="Table" vid="AEEBCE0C-354A-6F0B-319C-4E783DDFD99A">
<hideElementsInCurrentOnly>false</hideElementsInCurrentOnly>
<bounds x="373" y="785" width="92" height="53"/>
</OView>
<OView class="oracle.dbtools.crest.swingui.relational.TVTable" oid="9DC31C0F-622B-A461-552E-50B7650E98CD" otype="Table" vid="4E936587-C454-4314-A5C2-AFE271FD7A08">
<hideElementsInCurrentOnly>false</hideElementsInCurrentOnly>
<bounds x="512" y="920" width="122" height="54"/>
</OView>
<OView class="oracle.dbtools.crest.swingui.relational.TVTable" oid="A9C1DD63-6C05-D23D-598C-E38A7F408B08" otype="Table" vid="87949454-E9B4-B3A4-9891-E86F1962E700">
<hideElementsInCurrentOnly>false</hideElementsInCurrentOnly>
<bounds x="238" y="917" width="233" height="127"/>
</OView>
<OView class="oracle.dbtools.crest.swingui.relational.TVTable" oid="B7C7AA80-2125-0C96-16C7-98680A29CFDA" otype="Table" vid="8C84A791-3950-AABA-51BD-91BA869B443C">
<hideElementsInCurrentOnly>false</hideElementsInCurrentOnly>
<bounds x="16" y="357" width="122" height="185"/>
</OView>
<OView class="oracle.dbtools.crest.swingui.relational.TVTable" oid="B9B000BF-C7D8-70C6-DB8C-A6E28F7D2063" otype="Table" vid="1BE40FE5-A003-7919-1C29-F3F76D6F0BE5">
<hideElementsInCurrentOnly>false</hideElementsInCurrentOnly>
<bounds x="1068" y="678" width="119" height="57"/>
</OView>
<OView class="oracle.dbtools.crest.swingui.relational.TVTable" oid="C9E60E6E-FE40-478C-A8C6-7D349C9DD769" otype="Table" vid="F5701EF9-7B52-E63C-C1D4-0805D91EDBB0">
<hideElementsInCurrentOnly>false</hideElementsInCurrentOnly>
<bounds x="209" y="209" width="268" height="304"/>
</OView>
<OView class="oracle.dbtools.crest.swingui.relational.TVTable" oid="DA2D8984-B069-9DBD-7F67-915CA6FFE058" otype="Table" vid="BB16C0E6-A99B-6AD1-A1FB-5AA849C564C0">
<hideElementsInCurrentOnly>false</hideElementsInCurrentOnly>
<bounds x="766" y="1" width="207" height="167"/>
</OView>
<OView class="oracle.dbtools.crest.swingui.relational.TVTable" oid="DE56D1F2-2FBB-12FD-7F1F-D84340D33319" otype="Table" vid="9B029E4E-0C5C-1EC5-7D47-BF7F717DAD4D">
<hideElementsInCurrentOnly>false</hideElementsInCurrentOnly>
<bounds x="1080" y="242" width="521" height="231"/>
</OView>
<OView class="oracle.dbtools.crest.swingui.relational.TVTable" oid="DF27B3BB-6561-433C-7921-A10DF9100A03" otype="Table" vid="B3F46EBF-F6A8-F1FC-9589-D07878E2992D">
<hideElementsInCurrentOnly>false</hideElementsInCurrentOnly>
<bounds x="1060" y="606" width="129" height="52"/>
</OView>
<OView class="oracle.dbtools.crest.swingui.relational.TVTable" oid="F34D7991-2FB8-5B5A-D466-D5C08014B500" otype="Table" vid="EFAC8B59-70FD-0E59-B698-30FAE191396B">
<hideElementsInCurrentOnly>false</hideElementsInCurrentOnly>
<bounds x="767" y="949" width="137" height="83"/>
</OView>
</objectViews>
<connectors>
<Connector class="oracle.dbtools.crest.swingui.relational.TVFKRelation" oid="0E6AEE0A-66E6-7C2B-8757-C5C539F8CC84" otype="FKIndexAssociation" vid_source="2A391A07-5C63-82EB-0633-AA52139F59BB" vid_target="B30D5D28-BD3E-69EA-CB49-B51472A552B5">
<hideElementsInCurrentOnly>false</hideElementsInCurrentOnly>
<backgroundColor>-16777216</backgroundColor>
<lineWidth>1</lineWidth>
<points>
<point x="703" y="891"/>
<point x="703" y="953"/>
</points>
</Connector>
<Connector class="oracle.dbtools.crest.swingui.relational.TVFKRelation" oid="0E71069E-1173-6101-669E-BF8B4AFA7BAB" otype="FKIndexAssociation" vid_source="2A391A07-5C63-82EB-0633-AA52139F59BB" vid_target="2DF2320D-42EB-6CFD-252C-A8D5E63C47BD">
<hideElementsInCurrentOnly>false</hideElementsInCurrentOnly>
<backgroundColor>-16777216</backgroundColor>
<lineWidth>1</lineWidth>
<points>
<point x="968" y="891"/>
<point x="968" y="936"/>
</points>
</Connector>
<Connector class="oracle.dbtools.crest.swingui.relational.TVFKRelation" oid="14FBEE8E-175F-552D-62B8-510628E2FF1D" otype="FKIndexAssociation" vid_source="2A391A07-5C63-82EB-0633-AA52139F59BB" vid_target="EFAC8B59-70FD-0E59-B698-30FAE191396B">
<hideElementsInCurrentOnly>false</hideElementsInCurrentOnly>
<backgroundColor>-16777216</backgroundColor>
<lineWidth>1</lineWidth>
<points>
<point x="835" y="891"/>
<point x="835" y="949"/>
</points>
</Connector>
<Connector class="oracle.dbtools.crest.swingui.relational.TVFKRelation" oid="1CC6BAED-68B6-F576-97DD-26F49CD6763E" otype="FKIndexAssociation" vid_source="2A391A07-5C63-82EB-0633-AA52139F59BB" vid_target="B3F46EBF-F6A8-F1FC-9589-D07878E2992D">
<hideElementsInCurrentOnly>false</hideElementsInCurrentOnly>
<backgroundColor>-16777216</backgroundColor>
<lineWidth>1</lineWidth>
<points>
<point x="1011" y="632"/>
<point x="1060" y="632"/>
</points>
</Connector>
<Connector class="oracle.dbtools.crest.swingui.relational.TVFKRelation" oid="20BBE0EA-DD12-81B6-8641-1EDE68FDEE47" otype="FKIndexAssociation" vid_source="8C84A791-3950-AABA-51BD-91BA869B443C" vid_target="F5701EF9-7B52-E63C-C1D4-0805D91EDBB0">
<hideElementsInCurrentOnly>false</hideElementsInCurrentOnly>
<backgroundColor>-16777216</backgroundColor>
<lineWidth>1</lineWidth>
<points>
<point x="138" y="435"/>
<point x="209" y="435"/>
</points>
</Connector>
<Connector class="oracle.dbtools.crest.swingui.relational.TVFKRelation" oid="240A1BA1-D791-33D3-FCA4-444CDF0278A8" otype="FKIndexAssociation" vid_source="BB16C0E6-A99B-6AD1-A1FB-5AA849C564C0" vid_target="F79056DE-867C-CCD4-F78F-9AFF5728E842">
<hideElementsInCurrentOnly>false</hideElementsInCurrentOnly>
<backgroundColor>-16777216</backgroundColor>
<lineWidth>1</lineWidth>
<points>
<point x="839" y="168"/>
<point x="839" y="230"/>
</points>
</Connector>
<Connector class="oracle.dbtools.crest.swingui.relational.TVFKRelation" oid="36216198-262B-E4A1-7461-1F7314A8DD65" otype="FKIndexAssociation" vid_source="1BE40FE5-A003-7919-1C29-F3F76D6F0BE5" vid_target="96DCB219-B75A-DD4E-775A-B8A1D1D75237">
<hideElementsInCurrentOnly>false</hideElementsInCurrentOnly>
<backgroundColor>-16777216</backgroundColor>
<lineWidth>1</lineWidth>
<points>
<point x="1187" y="706"/>
<point x="1245" y="706"/>
</points>
</Connector>
<Connector class="oracle.dbtools.crest.swingui.relational.TVFKRelation" oid="4D500C9C-4CE8-4AD7-E898-B336CA400742" otype="FKIndexAssociation" vid_source="F5701EF9-7B52-E63C-C1D4-0805D91EDBB0" vid_target="1184F68B-3138-3047-8667-40728289350A">
<hideElementsInCurrentOnly>false</hideElementsInCurrentOnly>
<backgroundColor>-16777216</backgroundColor>
<lineWidth>1</lineWidth>
<points>
<point x="358" y="209"/>
<point x="358" y="197"/>
</points>
</Connector>
<Connector class="oracle.dbtools.crest.swingui.relational.TVFKRelation" oid="57C85032-3F76-A702-E5DD-D1D2AAEEB2B3" otype="FKIndexAssociation" vid_source="DF5AA568-6F4E-99EB-18D4-1F7D3034C30E" vid_target="F5701EF9-7B52-E63C-C1D4-0805D91EDBB0">
<hideElementsInCurrentOnly>false</hideElementsInCurrentOnly>
<backgroundColor>-16777216</backgroundColor>
<lineWidth>1</lineWidth>
<points>
<point x="143" y="258"/>
<point x="209" y="258"/>
</points>
</Connector>
<Connector class="oracle.dbtools.crest.swingui.relational.TVFKRelation" oid="5FA0B109-292F-5500-AFF0-65ED954D7BA7" otype="FKIndexAssociation" vid_source="D2BE0BBE-E42F-EA1B-BEAA-4E353DB1ABF6" vid_target="96DCB219-B75A-DD4E-775A-B8A1D1D75237">
<hideElementsInCurrentOnly>false</hideElementsInCurrentOnly>
<backgroundColor>-16777216</backgroundColor>
<lineWidth>1</lineWidth>
<points>
<point x="1188" y="858"/>
<point x="1245" y="858"/>
</points>
</Connector>
<Connector class="oracle.dbtools.crest.swingui.relational.TVFKRelation" oid="60ABF286-E392-BF28-2EE4-66663490EBE6" otype="FKIndexAssociation" vid_source="722CD17B-8350-AB17-F2C3-7F7249C8856F" vid_target="9B029E4E-0C5C-1EC5-7D47-BF7F717DAD4D">
<hideElementsInCurrentOnly>false</hideElementsInCurrentOnly>
<backgroundColor>-16777216</backgroundColor>
<lineWidth>1</lineWidth>
<points>
<point x="1535" y="525"/>
<point x="1535" y="473"/>
</points>
</Connector>
<Connector class="oracle.dbtools.crest.swingui.relational.TVFKRelation" oid="658739E8-82A6-E011-6E29-F3F453BD7E03" otype="FKIndexAssociation" vid_source="2A391A07-5C63-82EB-0633-AA52139F59BB" vid_target="C549CE11-C91C-50AA-479A-8C335708E481">
<hideElementsInCurrentOnly>false</hideElementsInCurrentOnly>
<backgroundColor>-16777216</backgroundColor>
<lineWidth>1</lineWidth>
<points>
<point x="1011" y="787"/>
<point x="1072" y="787"/>
</points>
</Connector>
<Connector class="oracle.dbtools.crest.swingui.relational.TVFKRelation" oid="6A061F78-7C9A-5091-9772-474E02EFA08D" otype="FKIndexAssociation" vid_source="F79056DE-867C-CCD4-F78F-9AFF5728E842" vid_target="9B029E4E-0C5C-1EC5-7D47-BF7F717DAD4D">
<hideElementsInCurrentOnly>false</hideElementsInCurrentOnly>
<backgroundColor>-16777216</backgroundColor>
<lineWidth>1</lineWidth>
<points>
<point x="912" y="357"/>
<point x="1080" y="357"/>
</points>
</Connector>
<Connector class="oracle.dbtools.crest.swingui.relational.TVFKRelation" oid="7074B5F4-218E-1129-C44C-13F4E54AA3B3" otype="FKIndexAssociation" vid_source="2A391A07-5C63-82EB-0633-AA52139F59BB" vid_target="00EC7CC6-0EE3-6813-FC03-48C03054DC76">
<hideElementsInCurrentOnly>false</hideElementsInCurrentOnly>
<backgroundColor>-16777216</backgroundColor>
<lineWidth>1</lineWidth>
<points>
<point x="520" y="740"/>
<point x="461" y="740"/>
</points>
</Connector>
<Connector class="oracle.dbtools.crest.swingui.relational.TVFKRelation" oid="7ECB8297-4537-5490-314B-99E56C248B12" otype="FKIndexAssociation" vid_source="2A391A07-5C63-82EB-0633-AA52139F59BB" vid_target="87949454-E9B4-B3A4-9891-E86F1962E700">
<hideElementsInCurrentOnly>false</hideElementsInCurrentOnly>
<backgroundColor>-16777216</backgroundColor>
<lineWidth>1</lineWidth>
<points>
<point x="520" y="869"/>
<point x="449" y="917"/>
</points>
</Connector>
<Connector class="oracle.dbtools.crest.swingui.relational.TVFKRelation" oid="816EDD2F-9E67-2D20-1A5A-B3373F84CEE7" otype="FKIndexAssociation" vid_source="F79056DE-867C-CCD4-F78F-9AFF5728E842" vid_target="AF54A10A-AF44-6496-96CC-DA10CB60416B">
<hideElementsInCurrentOnly>false</hideElementsInCurrentOnly>
<backgroundColor>-16777216</backgroundColor>
<lineWidth>1</lineWidth>
<points>
<point x="583" y="441"/>
<point x="384" y="548"/>
</points>
</Connector>
<Connector class="oracle.dbtools.crest.swingui.relational.TVFKRelation" oid="91BA462A-8E11-C31C-A1A4-D0634F1FBD53" otype="FKIndexAssociation" vid_source="2A391A07-5C63-82EB-0633-AA52139F59BB" vid_target="D2BE0BBE-E42F-EA1B-BEAA-4E353DB1ABF6">
<hideElementsInCurrentOnly>false</hideElementsInCurrentOnly>
<backgroundColor>-16777216</backgroundColor>
<lineWidth>1</lineWidth>
<points>
<point x="1011" y="858"/>
<point x="1069" y="858"/>
</points>
</Connector>
<Connector class="oracle.dbtools.crest.swingui.relational.TVFKRelation" oid="94B7332C-B3DA-9335-31FF-4E3373929E9C" otype="FKIndexAssociation" vid_source="2A391A07-5C63-82EB-0633-AA52139F59BB" vid_target="1BE40FE5-A003-7919-1C29-F3F76D6F0BE5">
<hideElementsInCurrentOnly>false</hideElementsInCurrentOnly>
<backgroundColor>-16777216</backgroundColor>
<lineWidth>1</lineWidth>
<points>
<point x="1011" y="706"/>
<point x="1068" y="706"/>
</points>
</Connector>
<Connector class="oracle.dbtools.crest.swingui.relational.TVFKRelation" oid="965631FC-4E5F-F920-B26B-757E748162FA" otype="FKIndexAssociation" vid_source="F79056DE-867C-CCD4-F78F-9AFF5728E842" vid_target="1184F68B-3138-3047-8667-40728289350A">
<hideElementsInCurrentOnly>false</hideElementsInCurrentOnly>
<backgroundColor>-16777216</backgroundColor>
<lineWidth>1</lineWidth>
<points>
<point x="632" y="230"/>
<point x="632" y="197"/>
</points>
</Connector>
<Connector class="oracle.dbtools.crest.swingui.relational.TVFKRelation" oid="9F9A1E40-012D-C62E-A889-1ECDBDDB9106" otype="FKIndexAssociation" vid_source="2A391A07-5C63-82EB-0633-AA52139F59BB" vid_target="4E936587-C454-4314-A5C2-AFE271FD7A08">
<hideElementsInCurrentOnly>false</hideElementsInCurrentOnly>
<backgroundColor>-16777216</backgroundColor>
<lineWidth>1</lineWidth>
<points>
<point x="577" y="891"/>
<point x="577" y="920"/>
</points>
</Connector>
<Connector class="oracle.dbtools.crest.swingui.relational.TVFKRelation" oid="A87989DE-6FDA-4C36-0491-297A838F7CA0" otype="FKIndexAssociation" vid_source="2A391A07-5C63-82EB-0633-AA52139F59BB" vid_target="AF54A10A-AF44-6496-96CC-DA10CB60416B">
<hideElementsInCurrentOnly>false</hideElementsInCurrentOnly>
<backgroundColor>-16777216</backgroundColor>
<lineWidth>1</lineWidth>
<points>
<point x="520" y="632"/>
<point x="430" y="632"/>
</points>
</Connector>
<Connector class="oracle.dbtools.crest.swingui.relational.TVFKRelation" oid="B0F7E4A9-3005-5811-103B-8016CCE28D93" otype="FKIndexAssociation" vid_source="722CD17B-8350-AB17-F2C3-7F7249C8856F" vid_target="7335795F-26D5-6FB0-C33F-608CC213647C">
<hideElementsInCurrentOnly>false</hideElementsInCurrentOnly>
<backgroundColor>-16777216</backgroundColor>
<lineWidth>1</lineWidth>
<points>
<point x="1608" y="691"/>
<point x="1608" y="750"/>
</points>
</Connector>
<Connector class="oracle.dbtools.crest.swingui.relational.TVFKRelation" oid="C72D69C0-EAD3-A211-A6CA-77A6ADCDA834" otype="FKIndexAssociation" vid_source="9B029E4E-0C5C-1EC5-7D47-BF7F717DAD4D" vid_target="2A391A07-5C63-82EB-0633-AA52139F59BB">
<hideElementsInCurrentOnly>false</hideElementsInCurrentOnly>
<backgroundColor>-16777216</backgroundColor>
<lineWidth>1</lineWidth>
<points>
<point x="1149" y="473"/>
<point x="1011" y="556"/>
</points>
</Connector>
<Connector class="oracle.dbtools.crest.swingui.relational.TVFKRelation" oid="CA85A6C5-9133-9FC8-21D5-A01C3AFE7749" otype="FKIndexAssociation" vid_source="B3F46EBF-F6A8-F1FC-9589-D07878E2992D" vid_target="96DCB219-B75A-DD4E-775A-B8A1D1D75237">
<hideElementsInCurrentOnly>false</hideElementsInCurrentOnly>
<backgroundColor>-16777216</backgroundColor>
<lineWidth>1</lineWidth>
<points>
<point x="1189" y="635"/>
<point x="1245" y="635"/>
</points>
</Connector>
<Connector class="oracle.dbtools.crest.swingui.relational.TVFKRelation" oid="E06D171F-A4AD-7448-83F3-F2491782A8B0" otype="FKIndexAssociation" vid_source="2A391A07-5C63-82EB-0633-AA52139F59BB" vid_target="1A163892-5388-C511-DAFE-DB1945D1109F">
<hideElementsInCurrentOnly>false</hideElementsInCurrentOnly>
<backgroundColor>-16777216</backgroundColor>
<lineWidth>1</lineWidth>
<points>
<point x="520" y="853"/>
<point x="469" y="853"/>
</points>
</Connector>
<Connector class="oracle.dbtools.crest.swingui.relational.TVFKRelation" oid="E30D1FB0-B52C-40AB-F0B7-D2452174C1DE" otype="FKIndexAssociation" vid_source="2A391A07-5C63-82EB-0633-AA52139F59BB" vid_target="AEEBCE0C-354A-6F0B-319C-4E783DDFD99A">
<hideElementsInCurrentOnly>false</hideElementsInCurrentOnly>
<backgroundColor>-16777216</backgroundColor>
<lineWidth>1</lineWidth>
<points>
<point x="520" y="811"/>
<point x="465" y="811"/>
</points>
</Connector>
<Connector class="oracle.dbtools.crest.swingui.relational.TVFKRelation" oid="E76316B9-935D-7FDB-9ED0-E77B7D351455" otype="FKIndexAssociation" vid_source="96DCB219-B75A-DD4E-775A-B8A1D1D75237" vid_target="7335795F-26D5-6FB0-C33F-608CC213647C">
<hideElementsInCurrentOnly>false</hideElementsInCurrentOnly>
<backgroundColor>-16777216</backgroundColor>
<lineWidth>1</lineWidth>
<points>
<point x="1423" y="818"/>
<point x="1449" y="818"/>
</points>
</Connector>
<Connector class="oracle.dbtools.crest.swingui.relational.TVFKRelation" oid="F0284914-B70E-C2F5-A464-FF03E37E3782" otype="FKIndexAssociation" vid_source="C549CE11-C91C-50AA-479A-8C335708E481" vid_target="96DCB219-B75A-DD4E-775A-B8A1D1D75237">
<hideElementsInCurrentOnly>false</hideElementsInCurrentOnly>
<backgroundColor>-16777216</backgroundColor>
<lineWidth>1</lineWidth>
<points>
<point x="1185" y="787"/>
<point x="1245" y="787"/>
</points>
</Connector>
</connectors>
</Diagram>