<?xml version = '1.0' encoding = 'UTF-8'?>
<InheritanceRelation class="oracle.dbtools.crest.model.design.logical.InheritanceRelation" name="Hierarchy_9" directorySegmentName="seg_0" id="2CF8CEF3-46CA-8849-BA28-732CC6DC456C">
<createdBy>LUIS FELIPE</createdBy>
<createdTime>2023-09-27 01:01:09 UTC</createdTime>
<ownerDesignName>ModeloRelacional</ownerDesignName>
<engineerTo>
<item key="85DA9EEE-8C53-F971-53E3-F706751F3C25" value="true"/>
</engineerTo>
<identifying>false</identifying>
<nameOnSource>Super Type</nameOnSource>
<nameOnTarget>Sub Type</nameOnTarget>
<optionalSource>true</optionalSource>
<optionalTarget>true</optionalTarget>
<sourceEntity>9343CF10-55B7-EDEC-2DE9-6C8F9C8DC375</sourceEntity>
<targetEntity>14AF92E0-C921-9751-DF7E-EC0D00187B8D</targetEntity>
<transferable>true</transferable>
<deleteRule>NO ACTION</deleteRule>
</InheritanceRelation>