<?xml version = '1.0' encoding = 'UTF-8'?>
<InheritanceRelation class="oracle.dbtools.crest.model.design.logical.InheritanceRelation" name="Hierarchy_6" directorySegmentName="seg_0" id="3EAF6F40-96C5-9C8C-355D-4C0FF6EB40B9">
<createdBy>LUIS FELIPE</createdBy>
<createdTime>2023-09-27 00:58:18 UTC</createdTime>
<ownerDesignName>ModeloRelacional</ownerDesignName>
<engineerTo>
<item key="85DA9EEE-8C53-F971-53E3-F706751F3C25" value="true"/>
</engineerTo>
<identifying>false</identifying>
<nameOnSource>Super Type</nameOnSource>
<nameOnTarget>Sub Type</nameOnTarget>
<optionalSource>true</optionalSource>
<optionalTarget>true</optionalTarget>
<sourceEntity>9343CF10-55B7-EDEC-2DE9-6C8F9C8DC375</sourceEntity>
<targetEntity>2436FE21-EDC2-8ADA-A510-20A3362CB7F5</targetEntity>
<transferable>true</transferable>
<deleteRule>NO ACTION</deleteRule>
</InheritanceRelation>