<?xml version = '1.0' encoding = 'UTF-8'?>
<InheritanceRelation class="oracle.dbtools.crest.model.design.logical.InheritanceRelation" name="Hierarchy_7" directorySegmentName="seg_0" id="BE19F672-56DD-B8F8-07FA-0A2D04736385">
<createdBy>LUIS FELIPE</createdBy>
<createdTime>2023-09-27 00:58:32 UTC</createdTime>
<ownerDesignName>ModeloRelacional</ownerDesignName>
<engineerTo>
<item key="85DA9EEE-8C53-F971-53E3-F706751F3C25" value="true"/>
</engineerTo>
<identifying>false</identifying>
<nameOnSource>Super Type</nameOnSource>
<nameOnTarget>Sub Type</nameOnTarget>
<optionalSource>true</optionalSource>
<optionalTarget>true</optionalTarget>
<sourceEntity>9343CF10-55B7-EDEC-2DE9-6C8F9C8DC375</sourceEntity>
<targetEntity>B3EA35BA-E7DC-EAB7-9567-AAF2B0293CF7</targetEntity>
<transferable>true</transferable>
<deleteRule>NO ACTION</deleteRule>
</InheritanceRelation>