<?xml version = '1.0' encoding = 'UTF-8'?>
<InheritanceRelation class="oracle.dbtools.crest.model.design.logical.InheritanceRelation" name="Hierarchy_2" directorySegmentName="seg_0" id="CFC42D76-AA91-0080-4524-0213D94FDC3F">
<createdBy>LUIS FELIPE</createdBy>
<createdTime>2023-09-27 00:55:50 UTC</createdTime>
<ownerDesignName>ModeloRelacional</ownerDesignName>
<engineerTo>
<item key="85DA9EEE-8C53-F971-53E3-F706751F3C25" value="true"/>
</engineerTo>
<identifying>false</identifying>
<nameOnSource>Super Type</nameOnSource>
<nameOnTarget>Sub Type</nameOnTarget>
<optionalSource>true</optionalSource>
<optionalTarget>true</optionalTarget>
<sourceEntity>9343CF10-55B7-EDEC-2DE9-6C8F9C8DC375</sourceEntity>
<targetEntity>49B6AB2F-14BC-38BE-8003-8E7A9E9EAE86</targetEntity>
<transferable>true</transferable>
<deleteRule>NO ACTION</deleteRule>
</InheritanceRelation>