<?xml version = '1.0' encoding = 'UTF-8'?>
<InheritanceRelation class="oracle.dbtools.crest.model.design.logical.InheritanceRelation" name="Hierarchy_10" directorySegmentName="seg_0" id="E8BBF916-D3C7-2B56-DA32-C077B3405F7F">
<createdBy>LUIS FELIPE</createdBy>
<createdTime>2023-09-27 01:04:03 UTC</createdTime>
<ownerDesignName>ModeloRelacional</ownerDesignName>
<engineerTo>
<item key="85DA9EEE-8C53-F971-53E3-F706751F3C25" value="true"/>
</engineerTo>
<identifying>false</identifying>
<nameOnSource>Super Type</nameOnSource>
<nameOnTarget>Sub Type</nameOnTarget>
<optionalSource>true</optionalSource>
<optionalTarget>true</optionalTarget>
<sourceEntity>9343CF10-55B7-EDEC-2DE9-6C8F9C8DC375</sourceEntity>
<targetEntity>EDDB593E-7F4D-01F7-D93D-B21947620A88</targetEntity>
<transferable>true</transferable>
<deleteRule>NO ACTION</deleteRule>
</InheritanceRelation>