<?xml version = '1.0' encoding = 'UTF-8'?>
<Diagram class="oracle.dbtools.crest.swingui.logical.DPVLogical" name="Logical" id="8CEAA31E-BB3D-1B17-86F7-5EFF57D120A5">
<createdBy>LUIS FELIPE</createdBy>
<modifiedBy>LUIS FELIPE</modifiedBy>
<createdTime>2023-09-27 00:41:21 UTC</createdTime>
<autoRoute>false</autoRoute>
<boxInbox>true</boxInbox>
<showLegend>false</showLegend>
<showLabels>false</showLabels>
<showRelAttributes>true</showRelAttributes>
<gridEnabled>false</gridEnabled>
<showGrid>false</showGrid>
<diagramColor>-1</diagramColor>
<display>false</display>
<notation>1</notation>
<objectViews>
<OView class="oracle.dbtools.crest.swingui.logical.TVEntity" oid="01DA9701-FA4F-3EFD-5F5F-67D4952EB661" otype="Entity" vid="537AA0DF-075D-2255-0438-D092121E664C">
<hideElementsInCurrentOnly>false</hideElementsInCurrentOnly>
<bounds x="492" y="912" width="99" height="59"/>
</OView>
<OView class="oracle.dbtools.crest.swingui.logical.TVEntity" oid="14AF92E0-C921-9751-DF7E-EC0D00187B8D" otype="Entity" vid="885271FC-B995-2829-1D62-D59DEF7BB249">
<hideElementsInCurrentOnly>false</hideElementsInCurrentOnly>
<bounds x="664" y="845" width="123" height="67"/>
</OView>
<OView class="oracle.dbtools.crest.swingui.logical.TVEntity" oid="2436FE21-EDC2-8ADA-A510-20A3362CB7F5" otype="Entity" vid="A6A08244-9819-89E6-E38D-1FC5A353CFBC">
<hideElementsInCurrentOnly>false</hideElementsInCurrentOnly>
<bounds x="838" y="841" width="113" height="52"/>
</OView>
<OView class="oracle.dbtools.crest.swingui.logical.TVEntity" oid="29CED52B-41AC-928B-9206-AAB372CEBB35" otype="Entity" vid="E895EB3E-9870-58E5-6078-19E416774681">
<hideElementsInCurrentOnly>false</hideElementsInCurrentOnly>
<bounds x="1105" y="282" width="521" height="231"/>
</OView>
<OView class="oracle.dbtools.crest.swingui.logical.TVEntity" oid="49B6AB2F-14BC-38BE-8003-8E7A9E9EAE86" otype="Entity" vid="FBFC9F81-ED80-7F04-7378-A51597C4A1B4">
<hideElementsInCurrentOnly>false</hideElementsInCurrentOnly>
<bounds x="490" y="776" width="92" height="53"/>
</OView>
<OView class="oracle.dbtools.crest.swingui.logical.TVEntity" oid="5A8FE696-4509-5428-162C-3084633C8B46" otype="Entity" vid="D5C2E01B-8917-3EB0-218F-4BD4739FD0DC">
<hideElementsInCurrentOnly>false</hideElementsInCurrentOnly>
<bounds x="826" y="686" width="129" height="52"/>
</OView>
<OView class="oracle.dbtools.crest.swingui.logical.TVEntity" oid="5C157835-DC79-45B5-A7EA-7785B2541F65" otype="Entity" vid="71551817-9370-8F3D-0126-E773579B72AF">
<hideElementsInCurrentOnly>false</hideElementsInCurrentOnly>
<bounds x="1449" y="713" width="278" height="166"/>
</OView>
<OView class="oracle.dbtools.crest.swingui.logical.TVEntity" oid="71342151-70DC-3912-150A-354BA92A3099" otype="Entity" vid="789D6B50-DDA6-E45B-3F04-8E2DF3B40CDB">
<hideElementsInCurrentOnly>false</hideElementsInCurrentOnly>
<bounds x="190" y="291" width="207" height="208"/>
</OView>
<OView class="oracle.dbtools.crest.swingui.logical.TVEntity" oid="78729022-243B-5D10-830A-B82D55D45C7F" otype="Entity" vid="942481BD-DF59-5A9A-ECE4-90A850DC847A">
<hideElementsInCurrentOnly>false</hideElementsInCurrentOnly>
<bounds x="1121" y="694" width="158" height="285"/>
</OView>
<OView class="oracle.dbtools.crest.swingui.logical.TVEntity" oid="8EE2C06E-95B4-8570-CAB2-F7A91737AFE4" otype="Entity" vid="89BA5164-B6EE-0C90-2A92-11DC4FDAA6DE">
<hideElementsInCurrentOnly>false</hideElementsInCurrentOnly>
<bounds x="637" y="0" width="207" height="167"/>
</OView>
<OView class="oracle.dbtools.crest.swingui.logical.TVEntity" oid="9343CF10-55B7-EDEC-2DE9-6C8F9C8DC375" otype="Entity" vid="E46D0223-5815-E1AE-0983-A86F9ABCB993">
<hideElementsInCurrentOnly>false</hideElementsInCurrentOnly>
<bounds x="482" y="616" width="491" height="371"/>
</OView>
<OView class="oracle.dbtools.crest.swingui.logical.TVEntity" oid="9ACAE6F2-294B-96C9-9196-4483E48EF5B7" otype="Entity" vid="F15028F4-82CB-EFB3-41ED-31D10D7B41F1">
<hideElementsInCurrentOnly>false</hideElementsInCurrentOnly>
<bounds x="10" y="179" width="126" height="177"/>
</OView>
<OView class="oracle.dbtools.crest.swingui.logical.TVEntity" oid="A4FD8260-5736-83C1-3ACA-4D463C00D0D4" otype="Entity" vid="0C8DDAEF-9BAF-3BCB-951B-E9BEC9C66B7E">
<hideElementsInCurrentOnly>false</hideElementsInCurrentOnly>
<bounds x="492" y="689" width="88" height="80"/>
</OView>
<OView class="oracle.dbtools.crest.swingui.logical.TVEntity" oid="B3EA35BA-E7DC-EAB7-9567-AAF2B0293CF7" otype="Entity" vid="FEE15BF7-FD0F-ECC8-D36A-5299B01807EC">
<hideElementsInCurrentOnly>false</hideElementsInCurrentOnly>
<bounds x="835" y="917" width="119" height="43"/>
</OView>
<OView class="oracle.dbtools.crest.swingui.logical.TVEntity" oid="BC4D7F6A-D9E3-D47A-E604-A0452D6FABBE" otype="Entity" vid="F3A4E1C0-4D81-BDD5-65D8-69DDE420E856">
<hideElementsInCurrentOnly>false</hideElementsInCurrentOnly>
<bounds x="654" y="684" width="143" height="54"/>
</OView>
<OView class="oracle.dbtools.crest.swingui.logical.TVEntity" oid="C30F1F40-A23F-212E-02AB-E63578697093" otype="Entity" vid="D7B87BA9-3865-6D40-5B4D-DA9312B2AC6D">
<hideElementsInCurrentOnly>false</hideElementsInCurrentOnly>
<bounds x="664" y="923" width="122" height="54"/>
</OView>
<OView class="oracle.dbtools.crest.swingui.logical.TVEntity" oid="DD7D7F70-C413-378B-58DF-E1154032E1E3" otype="Entity" vid="A8E5773C-D1AA-B04E-E9FB-4BC29B9A57D7">
<hideElementsInCurrentOnly>false</hideElementsInCurrentOnly>
<bounds x="834" y="758" width="119" height="57"/>
</OView>
<OView class="oracle.dbtools.crest.swingui.logical.TVEntity" oid="E356575F-239D-9807-ACA7-34FAB5572460" otype="Entity" vid="EFBFD490-A4A2-366A-968D-C406B0F8CE47">
<hideElementsInCurrentOnly>false</hideElementsInCurrentOnly>
<bounds x="4" y="432" width="122" height="185"/>
</OView>
<OView class="oracle.dbtools.crest.swingui.logical.TVEntity" oid="EDDB593E-7F4D-01F7-D93D-B21947620A88" otype="Entity" vid="04AB21B9-1D17-8944-02EE-FE64EEF36A39">
<hideElementsInCurrentOnly>false</hideElementsInCurrentOnly>
<bounds x="657" y="751" width="137" height="83"/>
</OView>
<OView class="oracle.dbtools.crest.swingui.logical.TVEntity" oid="EFB90BAF-532A-F7A5-8CB9-AF21AB3E0A08" otype="Entity" vid="4DDDDC9D-C15E-836F-9F18-AECABDEAA1E6">
<hideElementsInCurrentOnly>false</hideElementsInCurrentOnly>
<bounds x="492" y="840" width="94" height="56"/>
</OView>
<OView class="oracle.dbtools.crest.swingui.logical.TVEntity" oid="FA8FB2C5-37D8-E368-4AC6-172E7E558A31" otype="Entity" vid="073F67E9-088D-D7A9-FB2F-78E8B1FB612C">
<hideElementsInCurrentOnly>false</hideElementsInCurrentOnly>
<bounds x="567" y="271" width="329" height="248"/>
</OView>
</objectViews>
<connectors>
<Connector class="oracle.dbtools.crest.swingui.logical.TVRelation" oid="201303EA-A6CB-6C0B-D279-8AD74A8C345C" otype="Relation" vid_source="942481BD-DF59-5A9A-ECE4-90A850DC847A" vid_target="71551817-9370-8F3D-0126-E773579B72AF">
<hideElementsInCurrentOnly>false</hideElementsInCurrentOnly>
<backgroundColor>-16777216</backgroundColor>
<lineWidth>1</lineWidth>
<points>
<point x="1279" y="796"/>
<point x="1449" y="796"/>
</points>
</Connector>
<Connector class="oracle.dbtools.crest.swingui.logical.TVRelation" oid="24323565-FC07-9C16-7F22-19EA9768F62A" otype="Relation" vid_source="E895EB3E-9870-58E5-6078-19E416774681" vid_target="E46D0223-5815-E1AE-0983-A86F9ABCB993">
<hideElementsInCurrentOnly>false</hideElementsInCurrentOnly>
<backgroundColor>-16777216</backgroundColor>
<lineWidth>1</lineWidth>
<points>
<point x="1183" y="513"/>
<point x="973" y="646"/>
</points>
</Connector>
<Connector class="oracle.dbtools.crest.swingui.logical.TVInheritanceRelation" oid="2CF8CEF3-46CA-8849-BA28-732CC6DC456C" otype="Hierarchy relation" vid_source="E46D0223-5815-E1AE-0983-A86F9ABCB993" vid_target="885271FC-B995-2829-1D62-D59DEF7BB249">
<hideElementsInCurrentOnly>false</hideElementsInCurrentOnly>
<backgroundColor>-65536</backgroundColor>
<lineWidth>1</lineWidth>
</Connector>
<Connector class="oracle.dbtools.crest.swingui.logical.TVRelation" oid="34D75A8B-8AF8-41D7-E88F-AEF37D766DF8" otype="Relation" vid_source="073F67E9-088D-D7A9-FB2F-78E8B1FB612C" vid_target="89BA5164-B6EE-0C90-2A92-11DC4FDAA6DE">
<hideElementsInCurrentOnly>false</hideElementsInCurrentOnly>
<backgroundColor>-16777216</backgroundColor>
<lineWidth>1</lineWidth>
<points>
<point x="740" y="271"/>
<point x="740" y="167"/>
</points>
</Connector>
<Connector class="oracle.dbtools.crest.swingui.logical.TVInheritanceRelation" oid="3EAF6F40-96C5-9C8C-355D-4C0FF6EB40B9" otype="Hierarchy relation" vid_source="E46D0223-5815-E1AE-0983-A86F9ABCB993" vid_target="A6A08244-9819-89E6-E38D-1FC5A353CFBC">
<hideElementsInCurrentOnly>false</hideElementsInCurrentOnly>
<backgroundColor>-65536</backgroundColor>
<lineWidth>1</lineWidth>
</Connector>
<Connector class="oracle.dbtools.crest.swingui.logical.TVRelation" oid="4C7DEF62-7447-C241-EBAF-65DBCF7BCB86" otype="Relation" vid_source="EFBFD490-A4A2-366A-968D-C406B0F8CE47" vid_target="789D6B50-DDA6-E45B-3F04-8E2DF3B40CDB">
<hideElementsInCurrentOnly>false</hideElementsInCurrentOnly>
<backgroundColor>-16777216</backgroundColor>
<lineWidth>1</lineWidth>
<points>
<point x="126" y="465"/>
<point x="190" y="465"/>
</points>
</Connector>
<Connector class="oracle.dbtools.crest.swingui.logical.TVRelation" oid="5D46665D-4E15-7AA2-4961-3AFA0BF95D8F" otype="Relation" vid_source="073F67E9-088D-D7A9-FB2F-78E8B1FB612C" vid_target="E895EB3E-9870-58E5-6078-19E416774681">
<hideElementsInCurrentOnly>false</hideElementsInCurrentOnly>
<backgroundColor>-16777216</backgroundColor>
<lineWidth>1</lineWidth>
<points>
<point x="896" y="397"/>
<point x="1105" y="397"/>
</points>
</Connector>
<Connector class="oracle.dbtools.crest.swingui.logical.TVInheritanceRelation" oid="5E40AB07-4A6B-0AA0-D6EE-00135B9CE307" otype="Hierarchy relation" vid_source="E46D0223-5815-E1AE-0983-A86F9ABCB993" vid_target="A8E5773C-D1AA-B04E-E9FB-4BC29B9A57D7">
<hideElementsInCurrentOnly>false</hideElementsInCurrentOnly>
<backgroundColor>-65536</backgroundColor>
<lineWidth>1</lineWidth>
</Connector>
<Connector class="oracle.dbtools.crest.swingui.logical.TVInheritanceRelation" oid="5FFF587C-C7E9-2645-B608-B2B2BA3BB3BD" otype="Hierarchy relation" vid_source="E46D0223-5815-E1AE-0983-A86F9ABCB993" vid_target="F3A4E1C0-4D81-BDD5-65D8-69DDE420E856">
<hideElementsInCurrentOnly>false</hideElementsInCurrentOnly>
<backgroundColor>-65536</backgroundColor>
<lineWidth>1</lineWidth>
</Connector>
<Connector class="oracle.dbtools.crest.swingui.logical.TVRelation" oid="77F6D921-8E65-8E62-D4A3-9DD001D500E9" otype="Relation" vid_source="D5C2E01B-8917-3EB0-218F-4BD4739FD0DC" vid_target="942481BD-DF59-5A9A-ECE4-90A850DC847A">
<hideElementsInCurrentOnly>false</hideElementsInCurrentOnly>
<backgroundColor>-16777216</backgroundColor>
<lineWidth>1</lineWidth>
<points>
<point x="955" y="731"/>
<point x="1121" y="731"/>
</points>
</Connector>
<Connector class="oracle.dbtools.crest.swingui.logical.TVInheritanceRelation" oid="7AB0C896-80D6-766B-7F6E-EEC274D56A7B" otype="Hierarchy relation" vid_source="E46D0223-5815-E1AE-0983-A86F9ABCB993" vid_target="0C8DDAEF-9BAF-3BCB-951B-E9BEC9C66B7E">
<hideElementsInCurrentOnly>false</hideElementsInCurrentOnly>
<backgroundColor>-65536</backgroundColor>
<lineWidth>1</lineWidth>
</Connector>
<Connector class="oracle.dbtools.crest.swingui.logical.TVRelation" oid="8B9E28C0-739E-6B1A-E862-57759302BB63" otype="Relation" vid_source="F15028F4-82CB-EFB3-41ED-31D10D7B41F1" vid_target="789D6B50-DDA6-E45B-3F04-8E2DF3B40CDB">
<hideElementsInCurrentOnly>false</hideElementsInCurrentOnly>
<backgroundColor>-16777216</backgroundColor>
<lineWidth>1</lineWidth>
<points>
<point x="136" y="323"/>
<point x="190" y="323"/>
</points>
</Connector>
<Connector class="oracle.dbtools.crest.swingui.logical.TVInheritanceRelation" oid="8C573331-E69E-BAAB-2E11-508B4E5BD57F" otype="Hierarchy relation" vid_source="E46D0223-5815-E1AE-0983-A86F9ABCB993" vid_target="D5C2E01B-8917-3EB0-218F-4BD4739FD0DC">
<hideElementsInCurrentOnly>false</hideElementsInCurrentOnly>
<backgroundColor>-65536</backgroundColor>
<lineWidth>1</lineWidth>
</Connector>
<Connector class="oracle.dbtools.crest.swingui.logical.TVRelation" oid="8C8D3E6D-74A3-DF29-21F4-C74635B56266" otype="Relation" vid_source="71551817-9370-8F3D-0126-E773579B72AF" vid_target="E895EB3E-9870-58E5-6078-19E416774681">
<hideElementsInCurrentOnly>false</hideElementsInCurrentOnly>
<backgroundColor>-16777216</backgroundColor>
<lineWidth>1</lineWidth>
<points>
<point x="1537" y="713"/>
<point x="1537" y="513"/>
</points>
</Connector>
<Connector class="oracle.dbtools.crest.swingui.logical.TVRelation" oid="9100263B-5ACC-F06F-9B4A-D06D17920143" otype="Relation" vid_source="A6A08244-9819-89E6-E38D-1FC5A353CFBC" vid_target="942481BD-DF59-5A9A-ECE4-90A850DC847A">
<hideElementsInCurrentOnly>false</hideElementsInCurrentOnly>
<backgroundColor>-16777216</backgroundColor>
<lineWidth>1</lineWidth>
<points>
<point x="951" y="867"/>
<point x="1121" y="867"/>
</points>
</Connector>
<Connector class="oracle.dbtools.crest.swingui.logical.TVInheritanceRelation" oid="B1E5F0DC-BDBB-150B-4181-17D13C83F5BC" otype="Hierarchy relation" vid_source="E46D0223-5815-E1AE-0983-A86F9ABCB993" vid_target="D7B87BA9-3865-6D40-5B4D-DA9312B2AC6D">
<hideElementsInCurrentOnly>false</hideElementsInCurrentOnly>
<backgroundColor>-65536</backgroundColor>
<lineWidth>1</lineWidth>
</Connector>
<Connector class="oracle.dbtools.crest.swingui.logical.TVRelation" oid="B78D6E6A-27CE-9BD9-B849-F16DFAE3C3F9" otype="Relation" vid_source="073F67E9-088D-D7A9-FB2F-78E8B1FB612C" vid_target="789D6B50-DDA6-E45B-3F04-8E2DF3B40CDB">
<hideElementsInCurrentOnly>false</hideElementsInCurrentOnly>
<backgroundColor>-16777216</backgroundColor>
<lineWidth>1</lineWidth>
<centerLabel class="oracle.dbtools.crest.model.design.Label">
<site>1</site>
<labelBounds x="-77" y="-111" width="77" height="110"/>
<noBackgroundColor>true</noBackgroundColor>
<noForegroundColor>true</noForegroundColor>
</centerLabel>
<points>
<point x="567" y="395"/>
<point x="397" y="395"/>
</points>
</Connector>
<Connector class="oracle.dbtools.crest.swingui.logical.TVInheritanceRelation" oid="BE19F672-56DD-B8F8-07FA-0A2D04736385" otype="Hierarchy relation" vid_source="E46D0223-5815-E1AE-0983-A86F9ABCB993" vid_target="FEE15BF7-FD0F-ECC8-D36A-5299B01807EC">
<hideElementsInCurrentOnly>false</hideElementsInCurrentOnly>
<backgroundColor>-65536</backgroundColor>
<lineWidth>1</lineWidth>
</Connector>
<Connector class="oracle.dbtools.crest.swingui.logical.TVInheritanceRelation" oid="C3521184-53B6-4D2B-A807-5E4AADDDF951" otype="Hierarchy relation" vid_source="E46D0223-5815-E1AE-0983-A86F9ABCB993" vid_target="537AA0DF-075D-2255-0438-D092121E664C">
<hideElementsInCurrentOnly>false</hideElementsInCurrentOnly>
<backgroundColor>-65536</backgroundColor>
<lineWidth>1</lineWidth>
</Connector>
<Connector class="oracle.dbtools.crest.swingui.logical.TVInheritanceRelation" oid="CFC42D76-AA91-0080-4524-0213D94FDC3F" otype="Hierarchy relation" vid_source="E46D0223-5815-E1AE-0983-A86F9ABCB993" vid_target="FBFC9F81-ED80-7F04-7378-A51597C4A1B4">
<hideElementsInCurrentOnly>false</hideElementsInCurrentOnly>
<backgroundColor>-65536</backgroundColor>
<lineWidth>1</lineWidth>
</Connector>
<Connector class="oracle.dbtools.crest.swingui.logical.TVRelation" oid="DB94C324-EC97-CA5E-8D22-AF28EBE555C8" otype="Relation" vid_source="FEE15BF7-FD0F-ECC8-D36A-5299B01807EC" vid_target="942481BD-DF59-5A9A-ECE4-90A850DC847A">
<hideElementsInCurrentOnly>false</hideElementsInCurrentOnly>
<backgroundColor>-16777216</backgroundColor>
<lineWidth>1</lineWidth>
<points>
<point x="954" y="938"/>
<point x="1121" y="938"/>
</points>
</Connector>
<Connector class="oracle.dbtools.crest.swingui.logical.TVRelation" oid="E2347056-1594-702C-F979-629AC2B70249" otype="Relation" vid_source="A8E5773C-D1AA-B04E-E9FB-4BC29B9A57D7" vid_target="942481BD-DF59-5A9A-ECE4-90A850DC847A">
<hideElementsInCurrentOnly>false</hideElementsInCurrentOnly>
<backgroundColor>-16777216</backgroundColor>
<lineWidth>1</lineWidth>
<points>
<point x="953" y="786"/>
<point x="1121" y="786"/>
</points>
</Connector>
<Connector class="oracle.dbtools.crest.swingui.logical.TVInheritanceRelation" oid="E8BBF916-D3C7-2B56-DA32-C077B3405F7F" otype="Hierarchy relation" vid_source="E46D0223-5815-E1AE-0983-A86F9ABCB993" vid_target="04AB21B9-1D17-8944-02EE-FE64EEF36A39">
<hideElementsInCurrentOnly>false</hideElementsInCurrentOnly>
<backgroundColor>-65536</backgroundColor>
<lineWidth>1</lineWidth>
</Connector>
<Connector class="oracle.dbtools.crest.swingui.logical.TVRelation" oid="F0C0322D-AF19-1419-B979-F02D5E5330FE" otype="Relation" vid_source="073F67E9-088D-D7A9-FB2F-78E8B1FB612C" vid_target="E46D0223-5815-E1AE-0983-A86F9ABCB993">
<hideElementsInCurrentOnly>false</hideElementsInCurrentOnly>
<backgroundColor>-16777216</backgroundColor>
<lineWidth>1</lineWidth>
<centerLabel class="oracle.dbtools.crest.model.design.Label">
<site>1</site>
<labelBounds x="-83" y="-51" width="83" height="50"/>
<noBackgroundColor>true</noBackgroundColor>
<noForegroundColor>true</noForegroundColor>
</centerLabel>
<points>
<point x="731" y="519"/>
<point x="731" y="616"/>
</points>
</Connector>
<Connector class="oracle.dbtools.crest.swingui.logical.TVInheritanceRelation" oid="F845F41D-D266-FEE8-4AD9-9F0E0277C376" otype="Hierarchy relation" vid_source="E46D0223-5815-E1AE-0983-A86F9ABCB993" vid_target="4DDDDC9D-C15E-836F-9F18-AECABDEAA1E6">
<hideElementsInCurrentOnly>false</hideElementsInCurrentOnly>
<backgroundColor>-65536</backgroundColor>
<lineWidth>1</lineWidth>
</Connector>
</connectors>
</Diagram>