<?xml version = '1.0' encoding = 'UTF-8'?>
<Entity class="oracle.dbtools.crest.model.design.logical.Entity" directorySegmentName="seg_0" id="29CED52B-41AC-928B-9206-AAB372CEBB35" name="Consumos">
<createdBy>LUIS FELIPE</createdBy>
<createdTime>2023-09-27 00:50:49 UTC</createdTime>
<ownerDesignName>ModeloRelacionalFinal</ownerDesignName>
<engineerTo>
<item key="85DA9EEE-8C53-F971-53E3-F706751F3C25" value="true"/>
</engineerTo>
<adequatelyNormalized>NO</adequatelyNormalized>
<expectedVolumes>0</expectedVolumes>
<fwdEngineeringStrategyName>Single Table</fwdEngineeringStrategyName>
<growthPercent>0</growthPercent>
<growthType>Year</growthType>
<maxVolumes>9999999</maxVolumes>
<minVolumes>0</minVolumes>
<normalForm>Third</normalForm>
<attributes itemClass="oracle.dbtools.crest.model.design.logical.Attribute">
<Attribute name="numero_factura" id="F7B6B40F-F16F-A813-3ADA-5E7346930D30">
<createdBy>LUIS FELIPE</createdBy>
<createdTime>2023-09-27 00:50:54 UTC</createdTime>
<ownerDesignName>ModeloRelacionalFinal</ownerDesignName>
<engineerTo>
<item key="85DA9EEE-8C53-F971-53E3-F706751F3C25" value="true"/>
</engineerTo>
<useDomainConstraints>false</useDomainConstraints>
<use>1</use>
<logicalDatatype>LOGDT011</logicalDatatype>
<ownDataTypeParameters>,,</ownDataTypeParameters>
</Attribute>
<Attribute name="costo" id="329EBE0B-5EA2-A85E-1ABE-1518961D1A29">
<createdBy>LUIS FELIPE</createdBy>
<createdTime>2023-09-27 00:51:10 UTC</createdTime>
<ownerDesignName>ModeloRelacionalFinal</ownerDesignName>
<engineerTo>
<item key="85DA9EEE-8C53-F971-53E3-F706751F3C25" value="true"/>
</engineerTo>
<useDomainConstraints>false</useDomainConstraints>
<use>1</use>
<logicalDatatype>LOGDT011</logicalDatatype>
<ownDataTypeParameters>,,</ownDataTypeParameters>
</Attribute>
<Attribute name="fecha" id="12CF8663-C9FC-C545-C8A5-7A6AB585CC2A">
<createdBy>LUIS FELIPE</createdBy>
<createdTime>2023-09-27 00:51:20 UTC</createdTime>
<ownerDesignName>ModeloRelacionalFinal</ownerDesignName>
<engineerTo>
<item key="85DA9EEE-8C53-F971-53E3-F706751F3C25" value="true"/>
</engineerTo>
<useDomainConstraints>false</useDomainConstraints>
<use>1</use>
<logicalDatatype>LOGDT007</logicalDatatype>
<ownDataTypeParameters>,,</ownDataTypeParameters>
</Attribute>
<Attribute name="numero" id="DC72D1E7-851D-EBE3-CC9C-6D5EA3418E64">
<createdBy>LUIS FELIPE</createdBy>
<createdTime>2023-09-27 00:51:35 UTC</createdTime>
<generatorID>5D46665D-4E15-7AA2-4961-3AFA0BF95D8F</generatorID>
<ownerDesignName>ModeloRelacionalFinal</ownerDesignName>
<engineerTo>
<item key="85DA9EEE-8C53-F971-53E3-F706751F3C25" value="true"/>
</engineerTo>
<referedAttribute>5DA670E5-D355-F40A-5E02-BC939B9C63B0</referedAttribute>
<useDomainConstraints>false</useDomainConstraints>
<use>1</use>
<logicalDatatype>LOGDT011</logicalDatatype>
<ownDataTypeParameters>,,</ownDataTypeParameters>
</Attribute>
<Attribute name="numero1" id="2E5A2222-D7E3-FF4D-BF30-71D3A1EB65C0">
<createdBy>LUIS FELIPE</createdBy>
<createdTime>2023-09-27 01:47:07 UTC</createdTime>
<generatorID>8C8D3E6D-74A3-DF29-21F4-C74635B56266</generatorID>
<ownerDesignName>ModeloRelacionalFinal</ownerDesignName>
<engineerTo>
<item key="85DA9EEE-8C53-F971-53E3-F706751F3C25" value="true"/>
</engineerTo>
<referedAttribute>A8516951-8A94-8DF4-0D07-E8075EA763DB</referedAttribute>
<useDomainConstraints>false</useDomainConstraints>
<use>1</use>
<logicalDatatype>LOGDT011</logicalDatatype>
<ownDataTypeParameters>,,</ownDataTypeParameters>
</Attribute>
</attributes>
<identifiers itemClass="oracle.dbtools.crest.model.design.logical.CandidateKey">
<identifier id="36028F67-C12F-9B3A-D4BD-C6E8DD5B7148" name="Consumos PK">
<createdBy>LUIS FELIPE</createdBy>
<createdTime>2023-09-27 00:51:08 UTC</createdTime>
<ownerDesignName>ModeloRelacionalFinal</ownerDesignName>
<shouldEngineer>false</shouldEngineer>
<engineerTo>
<item key="85DA9EEE-8C53-F971-53E3-F706751F3C25" value="false"/>
</engineerTo>
<pk>true</pk>
<usedAttributes>
<attributeRef>F7B6B40F-F16F-A813-3ADA-5E7346930D30</attributeRef>
</usedAttributes>
</identifier>
</identifiers>
</Entity>