<?xml version = '1.0' encoding = 'UTF-8'?>
<Entity class="oracle.dbtools.crest.model.design.logical.Entity" directorySegmentName="seg_0" id="71342151-70DC-3912-150A-354BA92A3099" name="Usuarios">
<createdBy>LUIS FELIPE</createdBy>
<createdTime>2023-09-27 00:44:03 UTC</createdTime>
<ownerDesignName>ModeloRelacionalFinal</ownerDesignName>
<engineerTo>
<item key="85DA9EEE-8C53-F971-53E3-F706751F3C25" value="true"/>
</engineerTo>
<adequatelyNormalized>NO</adequatelyNormalized>
<expectedVolumes>0</expectedVolumes>
<fwdEngineeringStrategyName>Single Table</fwdEngineeringStrategyName>
<growthPercent>0</growthPercent>
<growthType>Year</growthType>
<maxVolumes>9999999</maxVolumes>
<minVolumes>0</minVolumes>
<normalForm>Third</normalForm>
<attributes itemClass="oracle.dbtools.crest.model.design.logical.Attribute">
<Attribute name="numero_documento" id="0D87BE51-DE83-8F87-D7B8-23918182C4FB">
<createdBy>LUIS FELIPE</createdBy>
<createdTime>2023-09-27 00:44:30 UTC</createdTime>
<ownerDesignName>ModeloRelacionalFinal</ownerDesignName>
<engineerTo>
<item key="85DA9EEE-8C53-F971-53E3-F706751F3C25" value="true"/>
</engineerTo>
<useDomainConstraints>false</useDomainConstraints>
<use>1</use>
<logicalDatatype>LOGDT011</logicalDatatype>
<ownDataTypeParameters>,,</ownDataTypeParameters>
</Attribute>
<Attribute name="tipo_documento" id="1B561D54-AF3D-9363-E8CD-BD0A8FF19A90">
<createdBy>LUIS FELIPE</createdBy>
<createdTime>2023-09-27 00:45:09 UTC</createdTime>
<ownerDesignName>ModeloRelacionalFinal</ownerDesignName>
<engineerTo>
<item key="85DA9EEE-8C53-F971-53E3-F706751F3C25" value="true"/>
</engineerTo>
<useDomainConstraints>false</useDomainConstraints>
<use>1</use>
<logicalDatatype>LOGDT024</logicalDatatype>
<dataTypeSize>200</dataTypeSize>
<ownDataTypeParameters>200,,</ownDataTypeParameters>
</Attribute>
<Attribute name="email" id="9830CC44-D9AC-83DD-3242-DE6D2C20DCC4">
<createdBy>LUIS FELIPE</createdBy>
<createdTime>2023-09-27 00:45:22 UTC</createdTime>
<ownerDesignName>ModeloRelacionalFinal</ownerDesignName>
<engineerTo>
<item key="85DA9EEE-8C53-F971-53E3-F706751F3C25" value="true"/>
</engineerTo>
<useDomainConstraints>false</useDomainConstraints>
<use>1</use>
<logicalDatatype>LOGDT024</logicalDatatype>
<dataTypeSize>200</dataTypeSize>
<ownDataTypeParameters>200,,</ownDataTypeParameters>
</Attribute>
<Attribute name="nombre" id="4883F0C5-3B05-CC83-E0A0-C01FB175909D">
<createdBy>LUIS FELIPE</createdBy>
<createdTime>2023-09-27 00:45:32 UTC</createdTime>
<ownerDesignName>ModeloRelacionalFinal</ownerDesignName>
<engineerTo>
<item key="85DA9EEE-8C53-F971-53E3-F706751F3C25" value="true"/>
</engineerTo>
<useDomainConstraints>false</useDomainConstraints>
<use>1</use>
<logicalDatatype>LOGDT024</logicalDatatype>
<dataTypeSize>200</dataTypeSize>
<ownDataTypeParameters>200,,</ownDataTypeParameters>
</Attribute>
<Attribute name="fecha_entrada" id="B5940EF4-A260-317B-A9C1-2F60D93CE45D">
<createdBy>LUIS FELIPE</createdBy>
<createdTime>2023-09-27 00:45:43 UTC</createdTime>
<ownerDesignName>ModeloRelacionalFinal</ownerDesignName>
<engineerTo>
<item key="85DA9EEE-8C53-F971-53E3-F706751F3C25" value="true"/>
</engineerTo>
<useDomainConstraints>false</useDomainConstraints>
<use>1</use>
<logicalDatatype>LOGDT007</logicalDatatype>
<ownDataTypeParameters>,,</ownDataTypeParameters>
</Attribute>
<Attribute name="fecha_salida" id="2D2AC496-092B-D777-0B08-A8A9FA2280D0">
<createdBy>LUIS FELIPE</createdBy>
<createdTime>2023-09-27 00:45:54 UTC</createdTime>
<ownerDesignName>ModeloRelacionalFinal</ownerDesignName>
<engineerTo>
<item key="85DA9EEE-8C53-F971-53E3-F706751F3C25" value="true"/>
</engineerTo>
<useDomainConstraints>false</useDomainConstraints>
<use>1</use>
<logicalDatatype>LOGDT007</logicalDatatype>
<ownDataTypeParameters>,,</ownDataTypeParameters>
</Attribute>
<Attribute name="nombre1" id="666714B2-9CAB-A0CD-7AEB-59907EA40A65">
<createdBy>LUIS FELIPE</createdBy>
<createdTime>2023-09-27 01:40:00 UTC</createdTime>
<generatorID>4C7DEF62-7447-C241-EBAF-65DBCF7BCB86</generatorID>
<ownerDesignName>ModeloRelacionalFinal</ownerDesignName>
<engineerTo>
<item key="85DA9EEE-8C53-F971-53E3-F706751F3C25" value="true"/>
</engineerTo>
<referedAttribute>6E59A25F-08FD-9BAE-DACE-1775740F0F48</referedAttribute>
<useDomainConstraints>false</useDomainConstraints>
<use>1</use>
<logicalDatatype>LOGDT024</logicalDatatype>
<dataTypeSize>200</dataTypeSize>
<ownDataTypeParameters>200,,</ownDataTypeParameters>
</Attribute>
<Attribute name="nombre2" id="480D9752-AFF0-7BAF-6F54-6FCE31F9167D">
<createdBy>LUIS FELIPE</createdBy>
<createdTime>2023-09-27 01:40:11 UTC</createdTime>
<generatorID>8B9E28C0-739E-6B1A-E862-57759302BB63</generatorID>
<ownerDesignName>ModeloRelacionalFinal</ownerDesignName>
<engineerTo>
<item key="85DA9EEE-8C53-F971-53E3-F706751F3C25" value="true"/>
</engineerTo>
<nullsAllowed>true</nullsAllowed>
<referedAttribute>5A248A35-0DA5-746D-5464-64698B088E20</referedAttribute>
<useDomainConstraints>false</useDomainConstraints>
<use>1</use>
<logicalDatatype>LOGDT024</logicalDatatype>
<dataTypeSize>200</dataTypeSize>
<ownDataTypeParameters>200,,</ownDataTypeParameters>
</Attribute>
</attributes>
<identifiers itemClass="oracle.dbtools.crest.model.design.logical.CandidateKey">
<identifier id="01E91E18-A847-9529-1CE6-7A7EB51DE1B2" name="Usuarios PK">
<createdBy>LUIS FELIPE</createdBy>
<createdTime>2023-09-27 00:45:08 UTC</createdTime>
<ownerDesignName>ModeloRelacionalFinal</ownerDesignName>
<shouldEngineer>false</shouldEngineer>
<engineerTo>
<item key="85DA9EEE-8C53-F971-53E3-F706751F3C25" value="false"/>
</engineerTo>
<pk>true</pk>
<usedAttributes>
<attributeRef>0D87BE51-DE83-8F87-D7B8-23918182C4FB</attributeRef>
</usedAttributes>
</identifier>
</identifiers>
</Entity>