<?xml version = '1.0' encoding = 'UTF-8'?>
<Entity class="oracle.dbtools.crest.model.design.logical.Entity" directorySegmentName="seg_0" id="78729022-243B-5D10-830A-B82D55D45C7F" name="Productos">
<createdBy>LUIS FELIPE</createdBy>
<createdTime>2023-09-27 01:06:14 UTC</createdTime>
<ownerDesignName>ModeloRelacionalFinal</ownerDesignName>
<engineerTo>
<item key="85DA9EEE-8C53-F971-53E3-F706751F3C25" value="true"/>
</engineerTo>
<adequatelyNormalized>NO</adequatelyNormalized>
<expectedVolumes>0</expectedVolumes>
<fwdEngineeringStrategyName>Single Table</fwdEngineeringStrategyName>
<growthPercent>0</growthPercent>
<growthType>Year</growthType>
<maxVolumes>9999999</maxVolumes>
<minVolumes>0</minVolumes>
<normalForm>Third</normalForm>
<attributes itemClass="oracle.dbtools.crest.model.design.logical.Attribute">
<Attribute name="codigo" id="6C3B2994-8BD6-78E5-ACCD-1FC40E4CFEB0">
<createdBy>LUIS FELIPE</createdBy>
<createdTime>2023-09-27 01:06:24 UTC</createdTime>
<ownerDesignName>ModeloRelacionalFinal</ownerDesignName>
<engineerTo>
<item key="85DA9EEE-8C53-F971-53E3-F706751F3C25" value="true"/>
</engineerTo>
<useDomainConstraints>false</useDomainConstraints>
<use>1</use>
<logicalDatatype>LOGDT011</logicalDatatype>
<ownDataTypeParameters>,,</ownDataTypeParameters>
</Attribute>
<Attribute name="nombre" id="AF799F98-5098-EB15-3552-6034D036F3BA">
<createdBy>LUIS FELIPE</createdBy>
<createdTime>2023-09-27 01:06:45 UTC</createdTime>
<ownerDesignName>ModeloRelacionalFinal</ownerDesignName>
<engineerTo>
<item key="85DA9EEE-8C53-F971-53E3-F706751F3C25" value="true"/>
</engineerTo>
<useDomainConstraints>false</useDomainConstraints>
<use>1</use>
<logicalDatatype>LOGDT024</logicalDatatype>
<dataTypeSize>200</dataTypeSize>
<ownDataTypeParameters>200,,</ownDataTypeParameters>
</Attribute>
<Attribute name="precio" id="8B3A2AC1-1C11-47EB-3554-918C1D2A0B4B">
<createdBy>LUIS FELIPE</createdBy>
<createdTime>2023-09-27 01:06:55 UTC</createdTime>
<ownerDesignName>ModeloRelacionalFinal</ownerDesignName>
<engineerTo>
<item key="85DA9EEE-8C53-F971-53E3-F706751F3C25" value="true"/>
</engineerTo>
<useDomainConstraints>false</useDomainConstraints>
<use>1</use>
<logicalDatatype>LOGDT011</logicalDatatype>
<ownDataTypeParameters>,,</ownDataTypeParameters>
</Attribute>
<Attribute name="id_servicio" id="7F4E0915-4C96-DAEF-3F91-1C68DA1ABE39">
<createdBy>LUIS FELIPE</createdBy>
<createdTime>2023-09-27 01:10:05 UTC</createdTime>
<generatorID>77F6D921-8E65-8E62-D4A3-9DD001D500E9</generatorID>
<ownerDesignName>ModeloRelacionalFinal</ownerDesignName>
<engineerTo>
<item key="85DA9EEE-8C53-F971-53E3-F706751F3C25" value="true"/>
</engineerTo>
<nullsAllowed>true</nullsAllowed>
<referedAttribute>F82CFED2-67B0-E04D-BC8D-2255163AFD56</referedAttribute>
<useDomainConstraints>false</useDomainConstraints>
<use>1</use>
<logicalDatatype>LOGDT011</logicalDatatype>
<ownDataTypeParameters>,,</ownDataTypeParameters>
</Attribute>
<Attribute name="id_servicio1" id="3D51C6C3-5879-AEFD-4D57-FDF325E4CA57">
<createdBy>LUIS FELIPE</createdBy>
<createdTime>2023-09-27 01:10:16 UTC</createdTime>
<generatorID>E2347056-1594-702C-F979-629AC2B70249</generatorID>
<ownerDesignName>ModeloRelacionalFinal</ownerDesignName>
<engineerTo>
<item key="85DA9EEE-8C53-F971-53E3-F706751F3C25" value="true"/>
</engineerTo>
<nullsAllowed>true</nullsAllowed>
<referedAttribute>F82CFED2-67B0-E04D-BC8D-2255163AFD56</referedAttribute>
<useDomainConstraints>false</useDomainConstraints>
<use>1</use>
<logicalDatatype>LOGDT011</logicalDatatype>
<ownDataTypeParameters>,,</ownDataTypeParameters>
</Attribute>
<Attribute name="id_servicio2" id="89FC1BE8-D47C-D99D-9C04-0308DA1293BA">
<createdBy>LUIS FELIPE</createdBy>
<createdTime>2023-09-27 01:10:20 UTC</createdTime>
<generatorID>9100263B-5ACC-F06F-9B4A-D06D17920143</generatorID>
<ownerDesignName>ModeloRelacionalFinal</ownerDesignName>
<engineerTo>
<item key="85DA9EEE-8C53-F971-53E3-F706751F3C25" value="true"/>
</engineerTo>
<nullsAllowed>true</nullsAllowed>
<referedAttribute>F82CFED2-67B0-E04D-BC8D-2255163AFD56</referedAttribute>
<useDomainConstraints>false</useDomainConstraints>
<use>1</use>
<logicalDatatype>LOGDT011</logicalDatatype>
<ownDataTypeParameters>,,</ownDataTypeParameters>
</Attribute>
<Attribute name="id_servicio3" id="922FF6BA-CA00-CAFA-D654-4D4D27264AAE">
<createdBy>LUIS FELIPE</createdBy>
<createdTime>2023-09-27 01:10:24 UTC</createdTime>
<generatorID>DB94C324-EC97-CA5E-8D22-AF28EBE555C8</generatorID>
<ownerDesignName>ModeloRelacionalFinal</ownerDesignName>
<engineerTo>
<item key="85DA9EEE-8C53-F971-53E3-F706751F3C25" value="true"/>
</engineerTo>
<nullsAllowed>true</nullsAllowed>
<referedAttribute>F82CFED2-67B0-E04D-BC8D-2255163AFD56</referedAttribute>
<useDomainConstraints>false</useDomainConstraints>
<use>1</use>
<logicalDatatype>LOGDT011</logicalDatatype>
<ownDataTypeParameters>,,</ownDataTypeParameters>
</Attribute>
</attributes>
<identifiers itemClass="oracle.dbtools.crest.model.design.logical.CandidateKey">
<identifier id="9393E539-6598-3BDD-33E6-F8B421EA155B" name="Productos PK">
<createdBy>LUIS FELIPE</createdBy>
<createdTime>2023-09-27 01:06:54 UTC</createdTime>
<ownerDesignName>ModeloRelacionalFinal</ownerDesignName>
<shouldEngineer>false</shouldEngineer>
<engineerTo>
<item key="85DA9EEE-8C53-F971-53E3-F706751F3C25" value="false"/>
</engineerTo>
<pk>true</pk>
<usedAttributes>
<attributeRef>6C3B2994-8BD6-78E5-ACCD-1FC40E4CFEB0</attributeRef>
</usedAttributes>
</identifier>
</identifiers>
</Entity>