<?xml version = '1.0' encoding = 'UTF-8'?>
<Entity class="oracle.dbtools.crest.model.design.logical.Entity" directorySegmentName="seg_0" id="8EE2C06E-95B4-8570-CAB2-F7A91737AFE4" name="TiposHabitacion">
<createdBy>LUIS FELIPE</createdBy>
<createdTime>2023-09-27 00:42:03 UTC</createdTime>
<ownerDesignName>ModeloRelacionalFinal</ownerDesignName>
<engineerTo>
<item key="85DA9EEE-8C53-F971-53E3-F706751F3C25" value="true"/>
</engineerTo>
<adequatelyNormalized>NO</adequatelyNormalized>
<expectedVolumes>0</expectedVolumes>
<fwdEngineeringStrategyName>Single Table</fwdEngineeringStrategyName>
<growthPercent>0</growthPercent>
<growthType>Year</growthType>
<maxVolumes>9999999</maxVolumes>
<minVolumes>0</minVolumes>
<normalForm>Third</normalForm>
<attributes itemClass="oracle.dbtools.crest.model.design.logical.Attribute">
<Attribute name="nombre" id="B7AA75B0-D133-697A-F14C-5508ABCF66CE">
<createdBy>LUIS FELIPE</createdBy>
<createdTime>2023-09-27 00:42:18 UTC</createdTime>
<ownerDesignName>ModeloRelacionalFinal</ownerDesignName>
<engineerTo>
<item key="85DA9EEE-8C53-F971-53E3-F706751F3C25" value="true"/>
</engineerTo>
<useDomainConstraints>false</useDomainConstraints>
<use>1</use>
<logicalDatatype>LOGDT024</logicalDatatype>
<dataTypeSize>200</dataTypeSize>
<ownDataTypeParameters>200,,</ownDataTypeParameters>
</Attribute>
<Attribute name="capacidad" id="D9DBDEB5-DEF5-441B-5D10-18B6815DE84D">
<createdBy>LUIS FELIPE</createdBy>
<createdTime>2023-09-27 00:42:30 UTC</createdTime>
<ownerDesignName>ModeloRelacionalFinal</ownerDesignName>
<engineerTo>
<item key="85DA9EEE-8C53-F971-53E3-F706751F3C25" value="true"/>
</engineerTo>
<useDomainConstraints>false</useDomainConstraints>
<use>1</use>
<logicalDatatype>LOGDT011</logicalDatatype>
<ownDataTypeParameters>,,</ownDataTypeParameters>
</Attribute>
<Attribute name="costo" id="08145319-B6D8-0486-83A7-4BB67B7DDADF">
<createdBy>LUIS FELIPE</createdBy>
<createdTime>2023-09-27 00:42:59 UTC</createdTime>
<ownerDesignName>ModeloRelacionalFinal</ownerDesignName>
<engineerTo>
<item key="85DA9EEE-8C53-F971-53E3-F706751F3C25" value="true"/>
</engineerTo>
<useDomainConstraints>false</useDomainConstraints>
<use>1</use>
<logicalDatatype>LOGDT011</logicalDatatype>
<ownDataTypeParameters>,,</ownDataTypeParameters>
</Attribute>
</attributes>
<identifiers itemClass="oracle.dbtools.crest.model.design.logical.CandidateKey">
<identifier id="AFD8B1DB-F91E-A24B-E0D4-E383A0A279DC" name="TiposHabitacion PK">
<createdBy>LUIS FELIPE</createdBy>
<createdTime>2023-09-27 00:42:28 UTC</createdTime>
<ownerDesignName>ModeloRelacionalFinal</ownerDesignName>
<shouldEngineer>false</shouldEngineer>
<engineerTo>
<item key="85DA9EEE-8C53-F971-53E3-F706751F3C25" value="false"/>
</engineerTo>
<pk>true</pk>
<usedAttributes>
<attributeRef>B7AA75B0-D133-697A-F14C-5508ABCF66CE</attributeRef>
</usedAttributes>
</identifier>
</identifiers>
</Entity>