<?xml version = '1.0' encoding = 'UTF-8'?>
<Entity class="oracle.dbtools.crest.model.design.logical.Entity" directorySegmentName="seg_0" id="9343CF10-55B7-EDEC-2DE9-6C8F9C8DC375" name="Servicios">
<createdBy>LUIS FELIPE</createdBy>
<createdTime>2023-09-27 00:51:49 UTC</createdTime>
<ownerDesignName>ModeloRelacionalFinal</ownerDesignName>
<engineerTo>
<item key="85DA9EEE-8C53-F971-53E3-F706751F3C25" value="true"/>
</engineerTo>
<adequatelyNormalized>NO</adequatelyNormalized>
<expectedVolumes>0</expectedVolumes>
<fwdEngineeringStrategyName>Single Table</fwdEngineeringStrategyName>
<growthPercent>0</growthPercent>
<growthType>Year</growthType>
<maxVolumes>9999999</maxVolumes>
<minVolumes>0</minVolumes>
<normalForm>Third</normalForm>
<attributes itemClass="oracle.dbtools.crest.model.design.logical.Attribute">
<Attribute name="id_servicio" id="F82CFED2-67B0-E04D-BC8D-2255163AFD56">
<createdBy>LUIS FELIPE</createdBy>
<createdTime>2023-09-27 00:51:56 UTC</createdTime>
<ownerDesignName>ModeloRelacionalFinal</ownerDesignName>
<engineerTo>
<item key="85DA9EEE-8C53-F971-53E3-F706751F3C25" value="true"/>
</engineerTo>
<useDomainConstraints>false</useDomainConstraints>
<use>1</use>
<logicalDatatype>LOGDT011</logicalDatatype>
<ownDataTypeParameters>,,</ownDataTypeParameters>
</Attribute>
<Attribute name="descripcion" id="955DE774-D4D3-7845-7E16-4AD8A716EDFE">
<createdBy>LUIS FELIPE</createdBy>
<createdTime>2023-09-27 00:52:07 UTC</createdTime>
<ownerDesignName>ModeloRelacionalFinal</ownerDesignName>
<engineerTo>
<item key="85DA9EEE-8C53-F971-53E3-F706751F3C25" value="true"/>
</engineerTo>
<useDomainConstraints>false</useDomainConstraints>
<use>1</use>
<logicalDatatype>LOGDT024</logicalDatatype>
<dataTypeSize>500</dataTypeSize>
<ownDataTypeParameters>500,,</ownDataTypeParameters>
</Attribute>
<Attribute name="nombre" id="46B7915C-63F3-1777-CE2A-57EF646FEF37">
<createdBy>LUIS FELIPE</createdBy>
<createdTime>2023-09-27 00:52:32 UTC</createdTime>
<ownerDesignName>ModeloRelacionalFinal</ownerDesignName>
<engineerTo>
<item key="85DA9EEE-8C53-F971-53E3-F706751F3C25" value="true"/>
</engineerTo>
<useDomainConstraints>false</useDomainConstraints>
<use>1</use>
<logicalDatatype>LOGDT024</logicalDatatype>
<dataTypeSize>200</dataTypeSize>
<ownDataTypeParameters>200,,</ownDataTypeParameters>
</Attribute>
<Attribute name="numero_factura" id="7A1B5B40-1419-BCD4-97B0-C1B45764083D">
<createdBy>LUIS FELIPE</createdBy>
<createdTime>2023-09-27 01:12:08 UTC</createdTime>
<generatorID>24323565-FC07-9C16-7F22-19EA9768F62A</generatorID>
<ownerDesignName>ModeloRelacionalFinal</ownerDesignName>
<engineerTo>
<item key="85DA9EEE-8C53-F971-53E3-F706751F3C25" value="true"/>
</engineerTo>
<referedAttribute>F7B6B40F-F16F-A813-3ADA-5E7346930D30</referedAttribute>
<useDomainConstraints>false</useDomainConstraints>
<use>1</use>
<logicalDatatype>LOGDT011</logicalDatatype>
<ownDataTypeParameters>,,</ownDataTypeParameters>
</Attribute>
</attributes>
<identifiers itemClass="oracle.dbtools.crest.model.design.logical.CandidateKey">
<identifier id="11364033-B415-B7AB-9F2E-6539D0FF3EDE" name="Servicios PK">
<createdBy>LUIS FELIPE</createdBy>
<createdTime>2023-09-27 00:52:06 UTC</createdTime>
<ownerDesignName>ModeloRelacionalFinal</ownerDesignName>
<shouldEngineer>false</shouldEngineer>
<engineerTo>
<item key="85DA9EEE-8C53-F971-53E3-F706751F3C25" value="false"/>
</engineerTo>
<pk>true</pk>
<usedAttributes>
<attributeRef>F82CFED2-67B0-E04D-BC8D-2255163AFD56</attributeRef>
</usedAttributes>
</identifier>
</identifiers>
</Entity>