<?xml version = '1.0' encoding = 'UTF-8'?>
<Entity class="oracle.dbtools.crest.model.design.logical.Entity" directorySegmentName="seg_0" id="9ACAE6F2-294B-96C9-9196-4483E48EF5B7" name="PlanesConsumo">
<createdBy>LUIS FELIPE</createdBy>
<createdTime>2023-09-27 00:47:58 UTC</createdTime>
<ownerDesignName>ModeloRelacionalFinal</ownerDesignName>
<engineerTo>
<item key="85DA9EEE-8C53-F971-53E3-F706751F3C25" value="true"/>
</engineerTo>
<adequatelyNormalized>NO</adequatelyNormalized>
<expectedVolumes>0</expectedVolumes>
<fwdEngineeringStrategyName>Single Table</fwdEngineeringStrategyName>
<growthPercent>0</growthPercent>
<growthType>Year</growthType>
<maxVolumes>9999999</maxVolumes>
<minVolumes>0</minVolumes>
<normalForm>Third</normalForm>
<attributes itemClass="oracle.dbtools.crest.model.design.logical.Attribute">
<Attribute name="nombre" id="5A248A35-0DA5-746D-5464-64698B088E20">
<createdBy>LUIS FELIPE</createdBy>
<createdTime>2023-09-27 00:48:07 UTC</createdTime>
<ownerDesignName>ModeloRelacionalFinal</ownerDesignName>
<engineerTo>
<item key="85DA9EEE-8C53-F971-53E3-F706751F3C25" value="true"/>
</engineerTo>
<useDomainConstraints>false</useDomainConstraints>
<use>1</use>
<logicalDatatype>LOGDT024</logicalDatatype>
<dataTypeSize>200</dataTypeSize>
<ownDataTypeParameters>200,,</ownDataTypeParameters>
</Attribute>
<Attribute name="descripcion" id="F071A947-D218-A38E-2E9E-9BC6F98AE6F3">
<createdBy>LUIS FELIPE</createdBy>
<createdTime>2023-09-27 00:48:42 UTC</createdTime>
<ownerDesignName>ModeloRelacionalFinal</ownerDesignName>
<engineerTo>
<item key="85DA9EEE-8C53-F971-53E3-F706751F3C25" value="true"/>
</engineerTo>
<useDomainConstraints>false</useDomainConstraints>
<use>1</use>
<logicalDatatype>LOGDT024</logicalDatatype>
<dataTypeSize>500</dataTypeSize>
<ownDataTypeParameters>500,,</ownDataTypeParameters>
</Attribute>
</attributes>
<identifiers itemClass="oracle.dbtools.crest.model.design.logical.CandidateKey">
<identifier id="15CF1B64-11E2-CA9B-8A0B-9F1D46320166" name="PlanesConsumo PK">
<createdBy>LUIS FELIPE</createdBy>
<createdTime>2023-09-27 00:48:39 UTC</createdTime>
<ownerDesignName>ModeloRelacionalFinal</ownerDesignName>
<shouldEngineer>false</shouldEngineer>
<engineerTo>
<item key="85DA9EEE-8C53-F971-53E3-F706751F3C25" value="false"/>
</engineerTo>
<pk>true</pk>
<usedAttributes>
<attributeRef>5A248A35-0DA5-746D-5464-64698B088E20</attributeRef>
</usedAttributes>
</identifier>
</identifiers>
</Entity>