<?xml version = '1.0' encoding = 'UTF-8'?>
<Entity class="oracle.dbtools.crest.model.design.logical.Entity" directorySegmentName="seg_0" id="DD7D7F70-C413-378B-58DF-E1154032E1E3" name="Restaurantes">
<createdBy>LUIS FELIPE</createdBy>
<createdTime>2023-09-27 00:57:27 UTC</createdTime>
<ownerDesignName>ModeloRelacionalFinal</ownerDesignName>
<engineerTo>
<item key="85DA9EEE-8C53-F971-53E3-F706751F3C25" value="true"/>
</engineerTo>
<adequatelyNormalized>NO</adequatelyNormalized>
<expectedVolumes>0</expectedVolumes>
<fwdEngineeringStrategyName>Single Table</fwdEngineeringStrategyName>
<growthPercent>0</growthPercent>
<growthType>Year</growthType>
<hierarchicalParent>9343CF10-55B7-EDEC-2DE9-6C8F9C8DC375</hierarchicalParent>
<maxVolumes>9999999</maxVolumes>
<minVolumes>0</minVolumes>
<normalForm>Third</normalForm>
<attributes itemClass="oracle.dbtools.crest.model.design.logical.Attribute">
<Attribute name="capacidad" id="8B5AD9A7-3BA9-0F6C-AA00-5A1E45544817">
<createdBy>LUIS FELIPE</createdBy>
<createdTime>2023-09-27 00:57:35 UTC</createdTime>
<ownerDesignName>ModeloRelacionalFinal</ownerDesignName>
<engineerTo>
<item key="85DA9EEE-8C53-F971-53E3-F706751F3C25" value="true"/>
</engineerTo>
<useDomainConstraints>false</useDomainConstraints>
<use>1</use>
<logicalDatatype>LOGDT011</logicalDatatype>
<ownDataTypeParameters>,,</ownDataTypeParameters>
</Attribute>
<Attribute name="estilo" id="2068B92C-F598-AA89-3D8B-5593A4458A09">
<createdBy>LUIS FELIPE</createdBy>
<createdTime>2023-09-27 00:57:45 UTC</createdTime>
<ownerDesignName>ModeloRelacionalFinal</ownerDesignName>
<engineerTo>
<item key="85DA9EEE-8C53-F971-53E3-F706751F3C25" value="true"/>
</engineerTo>
<useDomainConstraints>false</useDomainConstraints>
<use>1</use>
<logicalDatatype>LOGDT024</logicalDatatype>
<dataTypeSize>200</dataTypeSize>
<ownDataTypeParameters>200,,</ownDataTypeParameters>
</Attribute>
</attributes>
</Entity>