<?xml version = '1.0' encoding = 'UTF-8'?>
<Entity class="oracle.dbtools.crest.model.design.logical.Entity" directorySegmentName="seg_0" id="FA8FB2C5-37D8-E368-4AC6-172E7E558A31" name="Habitaciones">
<createdBy>LUIS FELIPE</createdBy>
<createdTime>2023-09-27 00:41:21 UTC</createdTime>
<ownerDesignName>ModeloRelacionalFinal</ownerDesignName>
<engineerTo>
<item key="85DA9EEE-8C53-F971-53E3-F706751F3C25" value="true"/>
</engineerTo>
<adequatelyNormalized>NO</adequatelyNormalized>
<expectedVolumes>0</expectedVolumes>
<fwdEngineeringStrategyName>Single Table</fwdEngineeringStrategyName>
<growthPercent>0</growthPercent>
<growthType>Year</growthType>
<maxVolumes>9999999</maxVolumes>
<minVolumes>0</minVolumes>
<normalForm>Third</normalForm>
<attributes itemClass="oracle.dbtools.crest.model.design.logical.Attribute">
<Attribute name="numero" id="5DA670E5-D355-F40A-5E02-BC939B9C63B0">
<createdBy>LUIS FELIPE</createdBy>
<createdTime>2023-09-27 00:41:30 UTC</createdTime>
<ownerDesignName>ModeloRelacionalFinal</ownerDesignName>
<engineerTo>
<item key="85DA9EEE-8C53-F971-53E3-F706751F3C25" value="true"/>
</engineerTo>
<useDomainConstraints>false</useDomainConstraints>
<use>1</use>
<logicalDatatype>LOGDT011</logicalDatatype>
<ownDataTypeParameters>,,</ownDataTypeParameters>
</Attribute>
<Attribute name="nombre" id="1F5CE4E9-EC62-9AEF-99F6-35CAF6B90CFD">
<createdBy>LUIS FELIPE</createdBy>
<createdTime>2023-09-27 00:43:50 UTC</createdTime>
<generatorID>34D75A8B-8AF8-41D7-E88F-AEF37D766DF8</generatorID>
<ownerDesignName>ModeloRelacionalFinal</ownerDesignName>
<engineerTo>
<item key="85DA9EEE-8C53-F971-53E3-F706751F3C25" value="true"/>
</engineerTo>
<referedAttribute>B7AA75B0-D133-697A-F14C-5508ABCF66CE</referedAttribute>
<useDomainConstraints>false</useDomainConstraints>
<use>1</use>
<logicalDatatype>LOGDT024</logicalDatatype>
<dataTypeSize>200</dataTypeSize>
<ownDataTypeParameters>200,,</ownDataTypeParameters>
</Attribute>
</attributes>
<identifiers itemClass="oracle.dbtools.crest.model.design.logical.CandidateKey">
<identifier id="FCFC6F7B-430E-20D4-9909-E8E77D25A364" name="Habitaciones PK">
<createdBy>LUIS FELIPE</createdBy>
<createdTime>2023-09-27 00:41:43 UTC</createdTime>
<ownerDesignName>ModeloRelacionalFinal</ownerDesignName>
<shouldEngineer>false</shouldEngineer>
<engineerTo>
<item key="85DA9EEE-8C53-F971-53E3-F706751F3C25" value="false"/>
</engineerTo>
<pk>true</pk>
<usedAttributes>
<attributeRef>5DA670E5-D355-F40A-5E02-BC939B9C63B0</attributeRef>
</usedAttributes>
</identifier>
</identifiers>
</Entity>