<?xml version = '1.0' encoding = 'UTF-8'?>
<Table class="oracle.dbtools.crest.model.design.relational.Table" directorySegmentName="seg_0" id="0BF19998-0BFB-F1FE-B725-0F21058E0040" name="ProductoEnFactura">
<createdBy>LUIS FELIPE</createdBy>
<createdTime>2023-09-27 01:13:16 UTC</createdTime>
<ownerDesignName>ModeloRelacionalFinal</ownerDesignName>
<allowColumnReorder>false</allowColumnReorder>
<existDependencyGenerateInDDl>true</existDependencyGenerateInDDl>
<parsed>true</parsed>
<columns itemClass="oracle.dbtools.crest.model.design.relational.Column">
<Column name="Productos_codigo" id="97ECA910-722E-4791-E6E7-16335864EFEE">
<createdBy>LUIS FELIPE</createdBy>
<createdTime>2023-09-27 01:13:16 UTC</createdTime>
<ownerDesignName>ModeloRelacionalFinal</ownerDesignName>
<useDomainConstraints>false</useDomainConstraints>
<use>1</use>
<logicalDatatype>LOGDT011</logicalDatatype>
<ownDataTypeParameters>,,</ownDataTypeParameters>
<previousColumn>false</previousColumn>
<autoIncrementCycle>false</autoIncrementCycle>
<associations>
<colAssociation fkAssociation="E76316B9-935D-7FDB-9ED0-E77B7D351455" referredColumn="A783E7E0-76B0-4AC0-E2D1-A92B3E6E4E65"/>
</associations>
</Column>
<Column name="Facturas_numero" id="74E8CE28-70A5-A4AC-9CE5-759F2FD42D0C">
<createdBy>LUIS FELIPE</createdBy>
<createdTime>2023-09-27 01:13:16 UTC</createdTime>
<ownerDesignName>ModeloRelacionalFinal</ownerDesignName>
<useDomainConstraints>false</useDomainConstraints>
<use>1</use>
<logicalDatatype>LOGDT011</logicalDatatype>
<ownDataTypeParameters>,,</ownDataTypeParameters>
<previousColumn>false</previousColumn>
<autoIncrementCycle>false</autoIncrementCycle>
<associations>
<colAssociation fkAssociation="B0F7E4A9-3005-5811-103B-8016CCE28D93" referredColumn="0D884E70-851A-7EF3-D838-2F99989F251F"/>
</associations>
</Column>
</columns>
<indexes itemClass="oracle.dbtools.crest.model.design.relational.Index">
<ind_PK_UK id="F519DBE7-7292-0600-75EF-2E75F9D444C6" name="ProductoEnFactura_PK">
<createdBy>LUIS FELIPE</createdBy>
<createdTime>2023-09-27 01:13:16 UTC</createdTime>
<ownerDesignName>ModeloRelacionalFinal</ownerDesignName>
<pk>true</pk>
<indexState>Primary Constraint</indexState>
<isSurrogateKey>false</isSurrogateKey>
<indexColumnUsage>
<colUsage columnID="97ECA910-722E-4791-E6E7-16335864EFEE"/>
<colUsage columnID="74E8CE28-70A5-A4AC-9CE5-759F2FD42D0C"/>
</indexColumnUsage>
</ind_PK_UK>
<ind_PK_UK id="C484EEC8-AF97-08C2-B644-52BEADE78FFA" name="ProductoEnFactura_Productos_FK">
<createdBy>LUIS FELIPE</createdBy>
<createdTime>2023-09-27 01:13:16 UTC</createdTime>
<generatorID>201303EA-A6CB-6C0B-D279-8AD74A8C345C</generatorID>
<ownerDesignName>ModeloRelacionalFinal</ownerDesignName>
<indexState>Foreign Key</indexState>
<isSurrogateKey>false</isSurrogateKey>
<indexColumnUsage>
<colUsage columnID="97ECA910-722E-4791-E6E7-16335864EFEE"/>
</indexColumnUsage>
</ind_PK_UK>
<ind_PK_UK id="C3363C31-BC93-47D1-3BAE-44A2A4F0852C" name="ProductoEnFactura_Facturas_FK">
<createdBy>LUIS FELIPE</createdBy>
<createdTime>2023-09-27 01:13:16 UTC</createdTime>
<generatorID>201303EA-A6CB-6C0B-D279-8AD74A8C345C</generatorID>
<ownerDesignName>ModeloRelacionalFinal</ownerDesignName>
<indexState>Foreign Key</indexState>
<isSurrogateKey>false</isSurrogateKey>
<indexColumnUsage>
<colUsage columnID="74E8CE28-70A5-A4AC-9CE5-759F2FD42D0C"/>
</indexColumnUsage>
</ind_PK_UK>
</indexes>
</Table>