<?xml version = '1.0' encoding = 'UTF-8'?>
<Table class="oracle.dbtools.crest.model.design.relational.Table" directorySegmentName="seg_0" id="16F1F8D2-09C4-DAD7-5ED7-00A0B640A1B1" name="Habitaciones">
<createdBy>LUIS FELIPE</createdBy>
<createdTime>2023-09-27 01:13:16 UTC</createdTime>
<generatorID>FA8FB2C5-37D8-E368-4AC6-172E7E558A31</generatorID>
<ownerDesignName>ModeloRelacionalFinal</ownerDesignName>
<allowColumnReorder>false</allowColumnReorder>
<existDependencyGenerateInDDl>true</existDependencyGenerateInDDl>
<parsed>true</parsed>
<columns itemClass="oracle.dbtools.crest.model.design.relational.Column">
<Column name="numero" id="F2B03E8F-6445-235A-922C-F2DF379919B0">
<createdBy>LUIS FELIPE</createdBy>
<createdTime>2023-09-27 01:13:16 UTC</createdTime>
<generatorID>5DA670E5-D355-F40A-5E02-BC939B9C63B0</generatorID>
<ownerDesignName>ModeloRelacionalFinal</ownerDesignName>
<useDomainConstraints>false</useDomainConstraints>
<use>1</use>
<logicalDatatype>LOGDT011</logicalDatatype>
<ownDataTypeParameters>,,</ownDataTypeParameters>
<autoIncrementCycle>false</autoIncrementCycle>
</Column>
<Column name="TiposHabitacion_nombre" id="E4AF164F-0B2D-ED3F-239C-8CA3587A28A9">
<createdBy>LUIS FELIPE</createdBy>
<createdTime>2023-09-27 01:13:16 UTC</createdTime>
<generatorID>1F5CE4E9-EC62-9AEF-99F6-35CAF6B90CFD</generatorID>
<ownerDesignName>ModeloRelacionalFinal</ownerDesignName>
<useDomainConstraints>false</useDomainConstraints>
<use>1</use>
<logicalDatatype>LOGDT024</logicalDatatype>
<dataTypeSize>200</dataTypeSize>
<ownDataTypeParameters>,,</ownDataTypeParameters>
<previousColumn>false</previousColumn>
<autoIncrementCycle>false</autoIncrementCycle>
<associations>
<colAssociation fkAssociation="240A1BA1-D791-33D3-FCA4-444CDF0278A8" referredColumn="2D5564F4-C33A-946F-3E00-DC235D012ECF"/>
</associations>
</Column>
</columns>
<indexes itemClass="oracle.dbtools.crest.model.design.relational.Index">
<ind_PK_UK id="76930624-E85D-99BF-E32F-95FF191770DF" name="Habitaciones_PK">
<createdBy>LUIS FELIPE</createdBy>
<createdTime>2023-09-27 01:13:16 UTC</createdTime>
<generatorID>FCFC6F7B-430E-20D4-9909-E8E77D25A364</generatorID>
<ownerDesignName>ModeloRelacionalFinal</ownerDesignName>
<pk>true</pk>
<indexState>Primary Constraint</indexState>
<isSurrogateKey>false</isSurrogateKey>
<indexColumnUsage>
<colUsage columnID="F2B03E8F-6445-235A-922C-F2DF379919B0"/>
</indexColumnUsage>
</ind_PK_UK>
<ind_PK_UK id="17120957-F202-31A3-D328-7B8009795676" name="Habitaciones__IDX">
<createdBy>LUIS FELIPE</createdBy>
<createdTime>2023-09-27 01:13:16 UTC</createdTime>
<ownerDesignName>ModeloRelacionalFinal</ownerDesignName>
<isSurrogateKey>false</isSurrogateKey>
<relationGeneratorID>34D75A8B-8AF8-41D7-E88F-AEF37D766DF8</relationGeneratorID>
<indexColumnUsage>
<colUsage columnID="E4AF164F-0B2D-ED3F-239C-8CA3587A28A9"/>
</indexColumnUsage>
</ind_PK_UK>
<ind_PK_UK id="F2445287-86ED-F3D6-8A0A-49A829FFB647" name="Habits_TiposHabit_FK">
<createdBy>LUIS FELIPE</createdBy>
<createdTime>2023-09-27 01:13:16 UTC</createdTime>
<generatorID>34D75A8B-8AF8-41D7-E88F-AEF37D766DF8</generatorID>
<ownerDesignName>ModeloRelacionalFinal</ownerDesignName>
<indexState>Foreign Key</indexState>
<isSurrogateKey>false</isSurrogateKey>
<indexColumnUsage>
<colUsage columnID="E4AF164F-0B2D-ED3F-239C-8CA3587A28A9"/>
</indexColumnUsage>
</ind_PK_UK>
</indexes>
</Table>