<?xml version = '1.0' encoding = 'UTF-8'?>
<Table class="oracle.dbtools.crest.model.design.relational.Table" directorySegmentName="seg_0" id="6085F1AB-533E-F541-D36C-9139DFAEDD83" name="Productos">
<createdBy>LUIS FELIPE</createdBy>
<createdTime>2023-09-27 01:13:16 UTC</createdTime>
<generatorID>78729022-243B-5D10-830A-B82D55D45C7F</generatorID>
<ownerDesignName>ModeloRelacionalFinal</ownerDesignName>
<allowColumnReorder>false</allowColumnReorder>
<existDependencyGenerateInDDl>true</existDependencyGenerateInDDl>
<parsed>true</parsed>
<columns itemClass="oracle.dbtools.crest.model.design.relational.Column">
<Column name="codigo" id="A783E7E0-76B0-4AC0-E2D1-A92B3E6E4E65">
<createdBy>LUIS FELIPE</createdBy>
<createdTime>2023-09-27 01:13:16 UTC</createdTime>
<generatorID>6C3B2994-8BD6-78E5-ACCD-1FC40E4CFEB0</generatorID>
<ownerDesignName>ModeloRelacionalFinal</ownerDesignName>
<useDomainConstraints>false</useDomainConstraints>
<use>1</use>
<logicalDatatype>LOGDT011</logicalDatatype>
<ownDataTypeParameters>,,</ownDataTypeParameters>
<autoIncrementCycle>false</autoIncrementCycle>
</Column>
<Column name="nombre" id="344F3DF5-B105-180E-CE43-14FFD65D85C2">
<createdBy>LUIS FELIPE</createdBy>
<createdTime>2023-09-27 01:13:16 UTC</createdTime>
<generatorID>AF799F98-5098-EB15-3552-6034D036F3BA</generatorID>
<ownerDesignName>ModeloRelacionalFinal</ownerDesignName>
<useDomainConstraints>false</useDomainConstraints>
<use>1</use>
<logicalDatatype>LOGDT024</logicalDatatype>
<dataTypeSize>200</dataTypeSize>
<ownDataTypeParameters>200,,</ownDataTypeParameters>
<autoIncrementCycle>false</autoIncrementCycle>
</Column>
<Column name="precio" id="AA6A2727-602D-2448-42AC-3ED689116FB9">
<createdBy>LUIS FELIPE</createdBy>
<createdTime>2023-09-27 01:13:16 UTC</createdTime>
<generatorID>8B3A2AC1-1C11-47EB-3554-918C1D2A0B4B</generatorID>
<ownerDesignName>ModeloRelacionalFinal</ownerDesignName>
<useDomainConstraints>false</useDomainConstraints>
<use>1</use>
<logicalDatatype>LOGDT011</logicalDatatype>
<ownDataTypeParameters>,,</ownDataTypeParameters>
<autoIncrementCycle>false</autoIncrementCycle>
</Column>
<Column name="Bares_id_servicio" id="77C04431-FE67-9B05-5982-3589BD88F844">
<createdBy>LUIS FELIPE</createdBy>
<createdTime>2023-09-27 01:13:16 UTC</createdTime>
<generatorID>7F4E0915-4C96-DAEF-3F91-1C68DA1ABE39</generatorID>
<ownerDesignName>ModeloRelacionalFinal</ownerDesignName>
<nullsAllowed>true</nullsAllowed>
<useDomainConstraints>false</useDomainConstraints>
<use>1</use>
<logicalDatatype>LOGDT011</logicalDatatype>
<ownDataTypeParameters>,,</ownDataTypeParameters>
<previousColumn>false</previousColumn>
<autoIncrementCycle>false</autoIncrementCycle>
<associations>
<colAssociation fkAssociation="CA85A6C5-9133-9FC8-21D5-A01C3AFE7749" referredColumn="E9DF2CAF-5480-A253-D3F6-63786A8BC734"/>
</associations>
</Column>
<Column name="Restaurantes_id_servicio" id="DFFB8813-9755-5442-FDE1-D05A84252595">
<createdBy>LUIS FELIPE</createdBy>
<createdTime>2023-09-27 01:13:16 UTC</createdTime>
<generatorID>3D51C6C3-5879-AEFD-4D57-FDF325E4CA57</generatorID>
<ownerDesignName>ModeloRelacionalFinal</ownerDesignName>
<nullsAllowed>true</nullsAllowed>
<useDomainConstraints>false</useDomainConstraints>
<use>1</use>
<logicalDatatype>LOGDT011</logicalDatatype>
<ownDataTypeParameters>,,</ownDataTypeParameters>
<previousColumn>false</previousColumn>
<autoIncrementCycle>false</autoIncrementCycle>
<associations>
<colAssociation fkAssociation="36216198-262B-E4A1-7461-1F7314A8DD65" referredColumn="D6678A71-E34C-7BB9-04D1-AA67BBC203DA"/>
</associations>
</Column>
<Column name="Supermercados_id_servicio" id="E3EFDC44-4178-03BD-9579-35BD9E72B8D4">
<createdBy>LUIS FELIPE</createdBy>
<createdTime>2023-09-27 01:13:16 UTC</createdTime>
<generatorID>89FC1BE8-D47C-D99D-9C04-0308DA1293BA</generatorID>
<ownerDesignName>ModeloRelacionalFinal</ownerDesignName>
<nullsAllowed>true</nullsAllowed>
<useDomainConstraints>false</useDomainConstraints>
<use>1</use>
<logicalDatatype>LOGDT011</logicalDatatype>
<ownDataTypeParameters>,,</ownDataTypeParameters>
<previousColumn>false</previousColumn>
<autoIncrementCycle>false</autoIncrementCycle>
<associations>
<colAssociation fkAssociation="F0284914-B70E-C2F5-A464-FF03E37E3782" referredColumn="90F9C67D-60CF-8A7F-6E0B-7E4D3B8AC853"/>
</associations>
</Column>
<Column name="Tiendas_id_servicio" id="B2B0DC7A-5A9C-7327-044F-279F9D615002">
<createdBy>LUIS FELIPE</createdBy>
<createdTime>2023-09-27 01:13:16 UTC</createdTime>
<generatorID>922FF6BA-CA00-CAFA-D654-4D4D27264AAE</generatorID>
<ownerDesignName>ModeloRelacionalFinal</ownerDesignName>
<nullsAllowed>true</nullsAllowed>
<useDomainConstraints>false</useDomainConstraints>
<use>1</use>
<logicalDatatype>LOGDT011</logicalDatatype>
<ownDataTypeParameters>,,</ownDataTypeParameters>
<previousColumn>false</previousColumn>
<autoIncrementCycle>false</autoIncrementCycle>
<associations>
<colAssociation fkAssociation="5FA0B109-292F-5500-AFF0-65ED954D7BA7" referredColumn="520569FA-38AF-E78D-4A9C-5145DC1C8016"/>
</associations>
</Column>
</columns>
<indexes itemClass="oracle.dbtools.crest.model.design.relational.Index">
<ind_PK_UK id="5AC4E8BA-53F0-EC49-85F0-8B88580CE507" name="Productos_PK">
<createdBy>LUIS FELIPE</createdBy>
<createdTime>2023-09-27 01:13:16 UTC</createdTime>
<generatorID>9393E539-6598-3BDD-33E6-F8B421EA155B</generatorID>
<ownerDesignName>ModeloRelacionalFinal</ownerDesignName>
<pk>true</pk>
<indexState>Primary Constraint</indexState>
<isSurrogateKey>false</isSurrogateKey>
<indexColumnUsage>
<colUsage columnID="A783E7E0-76B0-4AC0-E2D1-A92B3E6E4E65"/>
</indexColumnUsage>
</ind_PK_UK>
<ind_PK_UK id="81893DDB-FEC5-3713-B72B-43824B66C46E" name="Productos_Bares_FK">
<createdBy>LUIS FELIPE</createdBy>
<createdTime>2023-09-27 01:13:16 UTC</createdTime>
<generatorID>77F6D921-8E65-8E62-D4A3-9DD001D500E9</generatorID>
<ownerDesignName>ModeloRelacionalFinal</ownerDesignName>
<indexState>Foreign Key</indexState>
<isSurrogateKey>false</isSurrogateKey>
<indexColumnUsage>
<colUsage columnID="77C04431-FE67-9B05-5982-3589BD88F844"/>
</indexColumnUsage>
</ind_PK_UK>
<ind_PK_UK id="23334EEE-C6CA-6BAB-E09C-38E1B8EACAF0" name="Productos_Restaurantes_FK">
<createdBy>LUIS FELIPE</createdBy>
<createdTime>2023-09-27 01:13:16 UTC</createdTime>
<generatorID>E2347056-1594-702C-F979-629AC2B70249</generatorID>
<ownerDesignName>ModeloRelacionalFinal</ownerDesignName>
<indexState>Foreign Key</indexState>
<isSurrogateKey>false</isSurrogateKey>
<indexColumnUsage>
<colUsage columnID="DFFB8813-9755-5442-FDE1-D05A84252595"/>
</indexColumnUsage>
</ind_PK_UK>
<ind_PK_UK id="919B3CD9-8C92-3DC0-25C2-71D240C2DEDA" name="Productos_Supermercados_FK">
<createdBy>LUIS FELIPE</createdBy>
<createdTime>2023-09-27 01:13:16 UTC</createdTime>
<generatorID>9100263B-5ACC-F06F-9B4A-D06D17920143</generatorID>
<ownerDesignName>ModeloRelacionalFinal</ownerDesignName>
<indexState>Foreign Key</indexState>
<isSurrogateKey>false</isSurrogateKey>
<indexColumnUsage>
<colUsage columnID="E3EFDC44-4178-03BD-9579-35BD9E72B8D4"/>
</indexColumnUsage>
</ind_PK_UK>
<ind_PK_UK id="6C07DEB0-A078-F8BE-B96B-42C77D0CAB35" name="Productos_Tiendas_FK">
<createdBy>LUIS FELIPE</createdBy>
<createdTime>2023-09-27 01:13:16 UTC</createdTime>
<generatorID>DB94C324-EC97-CA5E-8D22-AF28EBE555C8</generatorID>
<ownerDesignName>ModeloRelacionalFinal</ownerDesignName>
<indexState>Foreign Key</indexState>
<isSurrogateKey>false</isSurrogateKey>
<indexColumnUsage>
<colUsage columnID="B2B0DC7A-5A9C-7327-044F-279F9D615002"/>
</indexColumnUsage>
</ind_PK_UK>
</indexes>
</Table>