<?xml version = '1.0' encoding = 'UTF-8'?>
<Table class="oracle.dbtools.crest.model.design.relational.Table" directorySegmentName="seg_0" id="6B4BE1D1-97D8-6E24-B40C-38F2C5B7B637" name="SalasReuniones">
<createdBy>LUIS FELIPE</createdBy>
<createdTime>2023-09-27 01:13:16 UTC</createdTime>
<generatorID>14AF92E0-C921-9751-DF7E-EC0D00187B8D</generatorID>
<ownerDesignName>ModeloRelacionalFinal</ownerDesignName>
<allowColumnReorder>false</allowColumnReorder>
<existDependencyGenerateInDDl>true</existDependencyGenerateInDDl>
<parsed>true</parsed>
<columns itemClass="oracle.dbtools.crest.model.design.relational.Column">
<Column name="id_servicio" id="D3DD90F5-A817-EF1E-5A99-5BB74696D12F">
<createdBy>LUIS FELIPE</createdBy>
<createdTime>2023-09-27 01:13:16 UTC</createdTime>
<generatorID>F82CFED2-67B0-E04D-BC8D-2255163AFD56</generatorID>
<ownerDesignName>ModeloRelacionalFinal</ownerDesignName>
<useDomainConstraints>false</useDomainConstraints>
<use>1</use>
<logicalDatatype>LOGDT011</logicalDatatype>
<ownDataTypeParameters>,,</ownDataTypeParameters>
<autoIncrementCycle>false</autoIncrementCycle>
<associations>
<colAssociation fkAssociation="0E6AEE0A-66E6-7C2B-8757-C5C539F8CC84" referredColumn="A2A817A0-8D45-3615-2A3A-02101BA21782"/>
</associations>
</Column>
<Column name="costo" id="AB8EA031-8A5C-9FA3-2AE6-52B54516A601">
<createdBy>LUIS FELIPE</createdBy>
<createdTime>2023-09-27 01:13:16 UTC</createdTime>
<generatorID>9D939871-D72C-115B-BDAA-5AE278027D89</generatorID>
<ownerDesignName>ModeloRelacionalFinal</ownerDesignName>
<useDomainConstraints>false</useDomainConstraints>
<use>1</use>
<logicalDatatype>LOGDT011</logicalDatatype>
<ownDataTypeParameters>,,</ownDataTypeParameters>
<autoIncrementCycle>false</autoIncrementCycle>
</Column>
<Column name="capacidad" id="EFFE3BE7-F5E3-1E1C-74A4-5AB8F1F8E7CB">
<createdBy>LUIS FELIPE</createdBy>
<createdTime>2023-09-27 01:13:16 UTC</createdTime>
<generatorID>6EF7B883-8FE6-A318-8C20-D4BFA6C6DDEB</generatorID>
<ownerDesignName>ModeloRelacionalFinal</ownerDesignName>
<useDomainConstraints>false</useDomainConstraints>
<use>1</use>
<logicalDatatype>LOGDT011</logicalDatatype>
<ownDataTypeParameters>,,</ownDataTypeParameters>
<autoIncrementCycle>false</autoIncrementCycle>
</Column>
<Column name="equipo_extra" id="A5DA6913-41B0-396F-4BAA-099B66C696A5">
<createdBy>LUIS FELIPE</createdBy>
<createdTime>2023-09-27 01:13:16 UTC</createdTime>
<generatorID>2AEE13E3-ABFB-B459-206B-49401BD33054</generatorID>
<ownerDesignName>ModeloRelacionalFinal</ownerDesignName>
<useDomainConstraints>false</useDomainConstraints>
<use>1</use>
<logicalDatatype>LOGDT006</logicalDatatype>
<dataTypeSize>1</dataTypeSize>
<ownDataTypeParameters>1,,</ownDataTypeParameters>
<autoIncrementCycle>false</autoIncrementCycle>
</Column>
</columns>
<indexes itemClass="oracle.dbtools.crest.model.design.relational.Index">
<ind_PK_UK id="B62781E2-B723-4FDC-3663-445F730E7A77" name="SalasReuniones_PK">
<createdBy>LUIS FELIPE</createdBy>
<createdTime>2023-09-27 01:13:16 UTC</createdTime>
<generatorID>11364033-B415-B7AB-9F2E-6539D0FF3EDE</generatorID>
<ownerDesignName>ModeloRelacionalFinal</ownerDesignName>
<pk>true</pk>
<indexState>Primary Constraint</indexState>
<isSurrogateKey>false</isSurrogateKey>
<indexColumnUsage>
<colUsage columnID="D3DD90F5-A817-EF1E-5A99-5BB74696D12F"/>
</indexColumnUsage>
</ind_PK_UK>
<ind_PK_UK id="9FAB0316-5D79-AA71-E012-9F37A54A27B3" name="SalasReuniones_Servicios_FK">
<createdBy>LUIS FELIPE</createdBy>
<createdTime>2023-09-27 01:13:16 UTC</createdTime>
<generatorID>2CF8CEF3-46CA-8849-BA28-732CC6DC456C</generatorID>
<ownerDesignName>ModeloRelacionalFinal</ownerDesignName>
<indexState>Foreign Key</indexState>
<isSurrogateKey>false</isSurrogateKey>
<indexColumnUsage>
<colUsage columnID="D3DD90F5-A817-EF1E-5A99-5BB74696D12F"/>
</indexColumnUsage>
</ind_PK_UK>
</indexes>
</Table>