<?xml version = '1.0' encoding = 'UTF-8'?>
<Table class="oracle.dbtools.crest.model.design.relational.Table" directorySegmentName="seg_0" id="7066CA26-0906-7504-589C-7B1C4950C336" name="Reserva_Servicio">
<createdBy>LUIS FELIPE</createdBy>
<createdTime>2023-09-27 01:13:16 UTC</createdTime>
<ownerDesignName>ModeloRelacionalFinal</ownerDesignName>
<allowColumnReorder>false</allowColumnReorder>
<existDependencyGenerateInDDl>true</existDependencyGenerateInDDl>
<parsed>true</parsed>
<columns itemClass="oracle.dbtools.crest.model.design.relational.Column">
<Column name="Habitaciones_numero" id="4D20C5B0-D1AC-50C1-915C-3406C5E801D5">
<createdBy>LUIS FELIPE</createdBy>
<createdTime>2023-09-27 01:13:16 UTC</createdTime>
<ownerDesignName>ModeloRelacionalFinal</ownerDesignName>
<useDomainConstraints>false</useDomainConstraints>
<use>1</use>
<logicalDatatype>LOGDT011</logicalDatatype>
<ownDataTypeParameters>,,</ownDataTypeParameters>
<previousColumn>false</previousColumn>
<autoIncrementCycle>false</autoIncrementCycle>
<associations>
<colAssociation fkAssociation="816EDD2F-9E67-2D20-1A5A-B3373F84CEE7" referredColumn="F2B03E8F-6445-235A-922C-F2DF379919B0"/>
</associations>
</Column>
<Column name="Servicios_id_servicio" id="4E72624D-646E-5312-70D2-E91B0E805F6E">
<createdBy>LUIS FELIPE</createdBy>
<createdTime>2023-09-27 01:13:16 UTC</createdTime>
<ownerDesignName>ModeloRelacionalFinal</ownerDesignName>
<useDomainConstraints>false</useDomainConstraints>
<use>1</use>
<logicalDatatype>LOGDT011</logicalDatatype>
<ownDataTypeParameters>,,</ownDataTypeParameters>
<previousColumn>false</previousColumn>
<autoIncrementCycle>false</autoIncrementCycle>
<associations>
<colAssociation fkAssociation="A87989DE-6FDA-4C36-0491-297A838F7CA0" referredColumn="A2A817A0-8D45-3615-2A3A-02101BA21782"/>
</associations>
</Column>
<Column name="fecha_reserva" id="742A3E7A-F52D-5C34-2EFD-040DC27E27C2">
<createdBy>LUIS FELIPE</createdBy>
<createdTime>2023-09-27 01:13:16 UTC</createdTime>
<generatorID>9F7F4797-3B05-6CA0-31BD-5F4050734E5C</generatorID>
<ownerDesignName>ModeloRelacionalFinal</ownerDesignName>
<useDomainConstraints>false</useDomainConstraints>
<use>1</use>
<logicalDatatype>LOGDT007</logicalDatatype>
<ownDataTypeParameters>,,</ownDataTypeParameters>
<autoIncrementCycle>false</autoIncrementCycle>
<isRelationshipColumn>true</isRelationshipColumn>
<isDependOnFK_AsMandatory>true</isDependOnFK_AsMandatory>
</Column>
<Column name="codigo" id="1EEB1AAB-576D-24EE-E714-734469708B12">
<createdBy>LUIS FELIPE</createdBy>
<createdTime>2023-09-27 01:13:16 UTC</createdTime>
<generatorID>C09779CF-56A4-27FA-B681-74F130195A64</generatorID>
<ownerDesignName>ModeloRelacionalFinal</ownerDesignName>
<useDomainConstraints>false</useDomainConstraints>
<use>1</use>
<logicalDatatype>LOGDT011</logicalDatatype>
<ownDataTypeParameters>,,</ownDataTypeParameters>
<autoIncrementCycle>false</autoIncrementCycle>
<isRelationshipColumn>true</isRelationshipColumn>
<isDependOnFK_AsMandatory>true</isDependOnFK_AsMandatory>
</Column>
</columns>
<indexes itemClass="oracle.dbtools.crest.model.design.relational.Index">
<ind_PK_UK id="757AC17B-1A6B-8A56-F541-B01143B21320" name="Reserva_Servicio_PK">
<createdBy>LUIS FELIPE</createdBy>
<createdTime>2023-09-27 01:13:16 UTC</createdTime>
<ownerDesignName>ModeloRelacionalFinal</ownerDesignName>
<pk>true</pk>
<indexState>Primary Constraint</indexState>
<isSurrogateKey>false</isSurrogateKey>
<indexColumnUsage>
<colUsage columnID="4D20C5B0-D1AC-50C1-915C-3406C5E801D5"/>
<colUsage columnID="4E72624D-646E-5312-70D2-E91B0E805F6E"/>
</indexColumnUsage>
</ind_PK_UK>
<ind_PK_UK id="504A0BEC-2E03-1FD0-AE70-EF46D96A419E" name="Reserv_Serv_Habits_FK">
<createdBy>LUIS FELIPE</createdBy>
<createdTime>2023-09-27 01:13:16 UTC</createdTime>
<generatorID>F0C0322D-AF19-1419-B979-F02D5E5330FE</generatorID>
<ownerDesignName>ModeloRelacionalFinal</ownerDesignName>
<indexState>Foreign Key</indexState>
<isSurrogateKey>false</isSurrogateKey>
<indexColumnUsage>
<colUsage columnID="4D20C5B0-D1AC-50C1-915C-3406C5E801D5"/>
</indexColumnUsage>
</ind_PK_UK>
<ind_PK_UK id="E8F65300-2779-3465-709A-2A397D131727" name="Reserva_Servicio_Servicios_FK">
<createdBy>LUIS FELIPE</createdBy>
<createdTime>2023-09-27 01:13:16 UTC</createdTime>
<generatorID>F0C0322D-AF19-1419-B979-F02D5E5330FE</generatorID>
<ownerDesignName>ModeloRelacionalFinal</ownerDesignName>
<indexState>Foreign Key</indexState>
<isSurrogateKey>false</isSurrogateKey>
<indexColumnUsage>
<colUsage columnID="4E72624D-646E-5312-70D2-E91B0E805F6E"/>
</indexColumnUsage>
</ind_PK_UK>
</indexes>
</Table>