<?xml version = '1.0' encoding = 'UTF-8'?>
<Table class="oracle.dbtools.crest.model.design.relational.Table" directorySegmentName="seg_0" id="854FABE4-0133-3A76-3B56-727EAD5FD092" name="Reserva_Habitacion">
<createdBy>LUIS FELIPE</createdBy>
<createdTime>2023-09-27 01:15:24 UTC</createdTime>
<ownerDesignName>ModeloRelacionalFinal</ownerDesignName>
<allowColumnReorder>false</allowColumnReorder>
<existDependencyGenerateInDDl>true</existDependencyGenerateInDDl>
<parsed>true</parsed>
<columns itemClass="oracle.dbtools.crest.model.design.relational.Column">
<Column name="Habitaciones_numero" id="C4B7EEEE-A304-E3BF-9254-CAAFE1D30A9E">
<createdBy>LUIS FELIPE</createdBy>
<createdTime>2023-09-27 01:15:24 UTC</createdTime>
<ownerDesignName>ModeloRelacionalFinal</ownerDesignName>
<useDomainConstraints>false</useDomainConstraints>
<use>1</use>
<logicalDatatype>LOGDT011</logicalDatatype>
<ownDataTypeParameters>,,</ownDataTypeParameters>
<previousColumn>false</previousColumn>
<autoIncrementCycle>false</autoIncrementCycle>
<associations>
<colAssociation fkAssociation="965631FC-4E5F-F920-B26B-757E748162FA" referredColumn="F2B03E8F-6445-235A-922C-F2DF379919B0"/>
</associations>
</Column>
<Column name="Usuarios_numero_documento" id="A064A507-A272-085F-6E88-BE34B08BE095">
<createdBy>LUIS FELIPE</createdBy>
<createdTime>2023-09-27 01:15:24 UTC</createdTime>
<ownerDesignName>ModeloRelacionalFinal</ownerDesignName>
<useDomainConstraints>false</useDomainConstraints>
<use>1</use>
<logicalDatatype>LOGDT011</logicalDatatype>
<ownDataTypeParameters>,,</ownDataTypeParameters>
<previousColumn>false</previousColumn>
<autoIncrementCycle>false</autoIncrementCycle>
<associations>
<colAssociation fkAssociation="4D500C9C-4CE8-4AD7-E898-B336CA400742" referredColumn="D5FB5FE9-531D-2F25-41BE-533C7C1EB078"/>
</associations>
</Column>
<Column name="codigo" id="28E89071-9C30-E314-253F-4057B7E1A7B9">
<createdBy>LUIS FELIPE</createdBy>
<createdTime>2023-09-27 01:15:24 UTC</createdTime>
<generatorID>94365D81-34EE-1D28-99D0-7404046A7F6D</generatorID>
<ownerDesignName>ModeloRelacionalFinal</ownerDesignName>
<useDomainConstraints>false</useDomainConstraints>
<use>1</use>
<logicalDatatype>LOGDT011</logicalDatatype>
<ownDataTypeParameters>,,</ownDataTypeParameters>
<autoIncrementCycle>false</autoIncrementCycle>
<isRelationshipColumn>true</isRelationshipColumn>
<isDependOnFK_AsMandatory>true</isDependOnFK_AsMandatory>
</Column>
<Column name="fecha_inicio" id="39CCE459-F064-9481-E430-E9942712659C">
<createdBy>LUIS FELIPE</createdBy>
<createdTime>2023-09-27 01:15:24 UTC</createdTime>
<generatorID>8BAD2CFC-8621-971A-7AE8-3D2C9B059AF9</generatorID>
<ownerDesignName>ModeloRelacionalFinal</ownerDesignName>
<useDomainConstraints>false</useDomainConstraints>
<use>1</use>
<logicalDatatype>LOGDT007</logicalDatatype>
<ownDataTypeParameters>,,</ownDataTypeParameters>
<autoIncrementCycle>false</autoIncrementCycle>
<isRelationshipColumn>true</isRelationshipColumn>
<isDependOnFK_AsMandatory>true</isDependOnFK_AsMandatory>
</Column>
<Column name="fecha_fin" id="3F342CD9-2DA6-2538-2FC8-44CFDAE59F98">
<createdBy>LUIS FELIPE</createdBy>
<createdTime>2023-09-27 01:15:24 UTC</createdTime>
<generatorID>F628E1B1-61CA-1B50-1E9A-5939E2BD1F64</generatorID>
<ownerDesignName>ModeloRelacionalFinal</ownerDesignName>
<useDomainConstraints>false</useDomainConstraints>
<use>1</use>
<logicalDatatype>LOGDT007</logicalDatatype>
<ownDataTypeParameters>,,</ownDataTypeParameters>
<autoIncrementCycle>false</autoIncrementCycle>
<isRelationshipColumn>true</isRelationshipColumn>
<isDependOnFK_AsMandatory>true</isDependOnFK_AsMandatory>
</Column>
<Column name="check_in" id="18837305-9E07-0E7C-E1E0-04746224145C">
<createdBy>LUIS FELIPE</createdBy>
<createdTime>2023-09-27 01:15:24 UTC</createdTime>
<generatorID>F3175813-6F9E-A1F8-0671-982ECB33DEE2</generatorID>
<ownerDesignName>ModeloRelacionalFinal</ownerDesignName>
<useDomainConstraints>false</useDomainConstraints>
<use>1</use>
<logicalDatatype>LOGDT006</logicalDatatype>
<dataTypeSize>1</dataTypeSize>
<ownDataTypeParameters>1,,</ownDataTypeParameters>
<autoIncrementCycle>false</autoIncrementCycle>
<isRelationshipColumn>true</isRelationshipColumn>
<isDependOnFK_AsMandatory>true</isDependOnFK_AsMandatory>
</Column>
<Column name="check_out" id="E38CE342-0E0A-D887-5DA5-23E6BEABF060">
<createdBy>LUIS FELIPE</createdBy>
<createdTime>2023-09-27 01:15:24 UTC</createdTime>
<generatorID>05F2B48E-B44D-1F98-1A2E-377951454C94</generatorID>
<ownerDesignName>ModeloRelacionalFinal</ownerDesignName>
<useDomainConstraints>false</useDomainConstraints>
<use>1</use>
<logicalDatatype>LOGDT006</logicalDatatype>
<dataTypeSize>1</dataTypeSize>
<ownDataTypeParameters>1,,</ownDataTypeParameters>
<autoIncrementCycle>false</autoIncrementCycle>
<isRelationshipColumn>true</isRelationshipColumn>
<isDependOnFK_AsMandatory>true</isDependOnFK_AsMandatory>
</Column>
</columns>
<indexes itemClass="oracle.dbtools.crest.model.design.relational.Index">
<ind_PK_UK id="2A64170A-6816-A543-B5A8-C689C78EBA6A" name="Reserva_Habitacion_PK">
<createdBy>LUIS FELIPE</createdBy>
<createdTime>2023-09-27 01:15:24 UTC</createdTime>
<ownerDesignName>ModeloRelacionalFinal</ownerDesignName>
<pk>true</pk>
<indexState>Primary Constraint</indexState>
<isSurrogateKey>false</isSurrogateKey>
<indexColumnUsage>
<colUsage columnID="C4B7EEEE-A304-E3BF-9254-CAAFE1D30A9E"/>
<colUsage columnID="A064A507-A272-085F-6E88-BE34B08BE095"/>
</indexColumnUsage>
</ind_PK_UK>
<ind_PK_UK id="F624395E-D960-D567-FB8C-1E3BC7789E1C" name="Reserv_Habit_Habits_FK">
<createdBy>LUIS FELIPE</createdBy>
<createdTime>2023-09-27 01:15:24 UTC</createdTime>
<generatorID>B78D6E6A-27CE-9BD9-B849-F16DFAE3C3F9</generatorID>
<ownerDesignName>ModeloRelacionalFinal</ownerDesignName>
<indexState>Foreign Key</indexState>
<isSurrogateKey>false</isSurrogateKey>
<indexColumnUsage>
<colUsage columnID="C4B7EEEE-A304-E3BF-9254-CAAFE1D30A9E"/>
</indexColumnUsage>
</ind_PK_UK>
<ind_PK_UK id="9F7FB256-95F7-F444-A096-9EDE1B8DC557" name="Reserva_Habitacion_Usuarios_FK">
<createdBy>LUIS FELIPE</createdBy>
<createdTime>2023-09-27 01:15:24 UTC</createdTime>
<generatorID>B78D6E6A-27CE-9BD9-B849-F16DFAE3C3F9</generatorID>
<ownerDesignName>ModeloRelacionalFinal</ownerDesignName>
<indexState>Foreign Key</indexState>
<isSurrogateKey>false</isSurrogateKey>
<indexColumnUsage>
<colUsage columnID="A064A507-A272-085F-6E88-BE34B08BE095"/>
</indexColumnUsage>
</ind_PK_UK>
</indexes>
</Table>