<?xml version = '1.0' encoding = 'UTF-8'?>
<Table class="oracle.dbtools.crest.model.design.relational.Table" directorySegmentName="seg_0" id="87B491C5-25FB-7965-0F6C-939DF4AE6343" name="Servicios">
<createdBy>LUIS FELIPE</createdBy>
<createdTime>2023-09-27 01:13:16 UTC</createdTime>
<generatorID>9343CF10-55B7-EDEC-2DE9-6C8F9C8DC375</generatorID>
<ownerDesignName>ModeloRelacionalFinal</ownerDesignName>
<allowColumnReorder>false</allowColumnReorder>
<existDependencyGenerateInDDl>true</existDependencyGenerateInDDl>
<parsed>true</parsed>
<columns itemClass="oracle.dbtools.crest.model.design.relational.Column">
<Column name="id_servicio" id="A2A817A0-8D45-3615-2A3A-02101BA21782">
<createdBy>LUIS FELIPE</createdBy>
<createdTime>2023-09-27 01:13:16 UTC</createdTime>
<generatorID>F82CFED2-67B0-E04D-BC8D-2255163AFD56</generatorID>
<ownerDesignName>ModeloRelacionalFinal</ownerDesignName>
<useDomainConstraints>false</useDomainConstraints>
<use>1</use>
<logicalDatatype>LOGDT011</logicalDatatype>
<ownDataTypeParameters>,,</ownDataTypeParameters>
<autoIncrementCycle>false</autoIncrementCycle>
</Column>
<Column name="descripcion" id="17CF2AE5-8182-CDD5-0ACF-9F6B52996708">
<createdBy>LUIS FELIPE</createdBy>
<createdTime>2023-09-27 01:13:16 UTC</createdTime>
<generatorID>955DE774-D4D3-7845-7E16-4AD8A716EDFE</generatorID>
<ownerDesignName>ModeloRelacionalFinal</ownerDesignName>
<useDomainConstraints>false</useDomainConstraints>
<use>1</use>
<logicalDatatype>LOGDT024</logicalDatatype>
<dataTypeSize>500</dataTypeSize>
<ownDataTypeParameters>500,,</ownDataTypeParameters>
<autoIncrementCycle>false</autoIncrementCycle>
</Column>
<Column name="nombre" id="4FC59EA0-9DBE-C710-11BC-FCA40AF6E37F">
<createdBy>LUIS FELIPE</createdBy>
<createdTime>2023-09-27 01:13:16 UTC</createdTime>
<generatorID>46B7915C-63F3-1777-CE2A-57EF646FEF37</generatorID>
<ownerDesignName>ModeloRelacionalFinal</ownerDesignName>
<useDomainConstraints>false</useDomainConstraints>
<use>1</use>
<logicalDatatype>LOGDT024</logicalDatatype>
<dataTypeSize>200</dataTypeSize>
<ownDataTypeParameters>200,,</ownDataTypeParameters>
<autoIncrementCycle>false</autoIncrementCycle>
</Column>
<Column name="Consumos_numero_factura" id="553B5107-4278-2BC2-4EA2-4DFA4A2E388E">
<createdBy>LUIS FELIPE</createdBy>
<createdTime>2023-09-27 01:13:16 UTC</createdTime>
<generatorID>7A1B5B40-1419-BCD4-97B0-C1B45764083D</generatorID>
<ownerDesignName>ModeloRelacionalFinal</ownerDesignName>
<useDomainConstraints>false</useDomainConstraints>
<use>1</use>
<logicalDatatype>LOGDT011</logicalDatatype>
<ownDataTypeParameters>,,</ownDataTypeParameters>
<previousColumn>false</previousColumn>
<autoIncrementCycle>false</autoIncrementCycle>
<associations>
<colAssociation fkAssociation="C72D69C0-EAD3-A211-A6CA-77A6ADCDA834" referredColumn="2FAC4D3F-5B80-93BF-5FE9-4F46C5191A02"/>
</associations>
</Column>
</columns>
<indexes itemClass="oracle.dbtools.crest.model.design.relational.Index">
<ind_PK_UK id="87F51C2C-45EE-915D-099D-75FE63EBFF87" name="Servicios_PK">
<createdBy>LUIS FELIPE</createdBy>
<createdTime>2023-09-27 01:13:16 UTC</createdTime>
<generatorID>11364033-B415-B7AB-9F2E-6539D0FF3EDE</generatorID>
<ownerDesignName>ModeloRelacionalFinal</ownerDesignName>
<pk>true</pk>
<indexState>Primary Constraint</indexState>
<isSurrogateKey>false</isSurrogateKey>
<indexColumnUsage>
<colUsage columnID="A2A817A0-8D45-3615-2A3A-02101BA21782"/>
</indexColumnUsage>
</ind_PK_UK>
<ind_PK_UK id="D8615FA7-2B45-522F-2888-9D71EF826930" name="Servicios__IDX">
<createdBy>LUIS FELIPE</createdBy>
<createdTime>2023-09-27 01:13:16 UTC</createdTime>
<ownerDesignName>ModeloRelacionalFinal</ownerDesignName>
<isSurrogateKey>false</isSurrogateKey>
<relationGeneratorID>24323565-FC07-9C16-7F22-19EA9768F62A</relationGeneratorID>
<indexColumnUsage>
<colUsage columnID="553B5107-4278-2BC2-4EA2-4DFA4A2E388E"/>
</indexColumnUsage>
</ind_PK_UK>
<ind_PK_UK id="31E2E333-0FFC-F38F-B726-E467FCEA7E24" name="Servicios_Consumos_FK">
<createdBy>LUIS FELIPE</createdBy>
<createdTime>2023-09-27 01:13:16 UTC</createdTime>
<generatorID>24323565-FC07-9C16-7F22-19EA9768F62A</generatorID>
<ownerDesignName>ModeloRelacionalFinal</ownerDesignName>
<indexState>Foreign Key</indexState>
<isSurrogateKey>false</isSurrogateKey>
<indexColumnUsage>
<colUsage columnID="553B5107-4278-2BC2-4EA2-4DFA4A2E388E"/>
</indexColumnUsage>
</ind_PK_UK>
</indexes>
</Table>