<?xml version = '1.0' encoding = 'UTF-8'?>
<Table class="oracle.dbtools.crest.model.design.relational.Table" directorySegmentName="seg_0" id="A9C1DD63-6C05-D23D-598C-E38A7F408B08" name="ServiciosSpa">
<createdBy>LUIS FELIPE</createdBy>
<createdTime>2023-09-27 01:13:16 UTC</createdTime>
<generatorID>01DA9701-FA4F-3EFD-5F5F-67D4952EB661</generatorID>
<ownerDesignName>ModeloRelacionalFinal</ownerDesignName>
<allowColumnReorder>false</allowColumnReorder>
<existDependencyGenerateInDDl>true</existDependencyGenerateInDDl>
<parsed>true</parsed>
<columns itemClass="oracle.dbtools.crest.model.design.relational.Column">
<Column name="id_servicio" id="DA8A4351-5B25-2724-45E2-C608B73F470A">
<createdBy>LUIS FELIPE</createdBy>
<createdTime>2023-09-27 01:13:16 UTC</createdTime>
<generatorID>F82CFED2-67B0-E04D-BC8D-2255163AFD56</generatorID>
<ownerDesignName>ModeloRelacionalFinal</ownerDesignName>
<useDomainConstraints>false</useDomainConstraints>
<use>1</use>
<logicalDatatype>LOGDT011</logicalDatatype>
<ownDataTypeParameters>,,</ownDataTypeParameters>
<autoIncrementCycle>false</autoIncrementCycle>
<associations>
<colAssociation fkAssociation="7ECB8297-4537-5490-314B-99E56C248B12" referredColumn="A2A817A0-8D45-3615-2A3A-02101BA21782"/>
</associations>
</Column>
<Column name="costo" id="B28D2119-903C-C57C-4008-20E3090D1EC0">
<createdBy>LUIS FELIPE</createdBy>
<createdTime>2023-09-27 01:13:16 UTC</createdTime>
<generatorID>556829F6-B6F9-FA0D-9D60-567120E3C2D5</generatorID>
<ownerDesignName>ModeloRelacionalFinal</ownerDesignName>
<useDomainConstraints>false</useDomainConstraints>
<use>1</use>
<logicalDatatype>LOGDT011</logicalDatatype>
<ownDataTypeParameters>,,</ownDataTypeParameters>
<autoIncrementCycle>false</autoIncrementCycle>
</Column>
</columns>
<indexes itemClass="oracle.dbtools.crest.model.design.relational.Index">
<ind_PK_UK id="F9908F8C-BF56-8DAD-D8A6-F3999389D5DC" name="ServiciosSpa_PK">
<createdBy>LUIS FELIPE</createdBy>
<createdTime>2023-09-27 01:13:16 UTC</createdTime>
<generatorID>11364033-B415-B7AB-9F2E-6539D0FF3EDE</generatorID>
<ownerDesignName>ModeloRelacionalFinal</ownerDesignName>
<pk>true</pk>
<indexState>Primary Constraint</indexState>
<isSurrogateKey>false</isSurrogateKey>
<indexColumnUsage>
<colUsage columnID="DA8A4351-5B25-2724-45E2-C608B73F470A"/>
</indexColumnUsage>
</ind_PK_UK>
<ind_PK_UK id="76218358-74C1-D58B-400B-D32D93FCE8AA" name="ServiciosSpa_Servicios_FK">
<createdBy>LUIS FELIPE</createdBy>
<createdTime>2023-09-27 01:13:16 UTC</createdTime>
<generatorID>C3521184-53B6-4D2B-A807-5E4AADDDF951</generatorID>
<ownerDesignName>ModeloRelacionalFinal</ownerDesignName>
<indexState>Foreign Key</indexState>
<isSurrogateKey>false</isSurrogateKey>
<indexColumnUsage>
<colUsage columnID="DA8A4351-5B25-2724-45E2-C608B73F470A"/>
</indexColumnUsage>
</ind_PK_UK>
</indexes>
</Table>