<?xml version = '1.0' encoding = 'UTF-8'?>
<Table class="oracle.dbtools.crest.model.design.relational.Table" directorySegmentName="seg_0" id="B7C7AA80-2125-0C96-16C7-98680A29CFDA" name="TiposUsuario">
<createdBy>LUIS FELIPE</createdBy>
<createdTime>2023-09-27 01:13:16 UTC</createdTime>
<generatorID>E356575F-239D-9807-ACA7-34FAB5572460</generatorID>
<ownerDesignName>ModeloRelacionalFinal</ownerDesignName>
<allowColumnReorder>false</allowColumnReorder>
<existDependencyGenerateInDDl>true</existDependencyGenerateInDDl>
<parsed>true</parsed>
<columns itemClass="oracle.dbtools.crest.model.design.relational.Column">
<Column name="nombre" id="6BD8DBED-9B29-A584-5C70-A284B425CDD6">
<createdBy>LUIS FELIPE</createdBy>
<createdTime>2023-09-27 01:13:16 UTC</createdTime>
<generatorID>6E59A25F-08FD-9BAE-DACE-1775740F0F48</generatorID>
<ownerDesignName>ModeloRelacionalFinal</ownerDesignName>
<useDomainConstraints>false</useDomainConstraints>
<use>1</use>
<logicalDatatype>LOGDT024</logicalDatatype>
<dataTypeSize>200</dataTypeSize>
<ownDataTypeParameters>200,,</ownDataTypeParameters>
<autoIncrementCycle>false</autoIncrementCycle>
</Column>
<Column name="descripcion" id="1D1E98F1-9F31-F38C-36DC-EFC132B1E91E">
<createdBy>LUIS FELIPE</createdBy>
<createdTime>2023-09-27 01:13:16 UTC</createdTime>
<generatorID>B0997D91-D8FF-2267-2DAA-018197037CC8</generatorID>
<ownerDesignName>ModeloRelacionalFinal</ownerDesignName>
<useDomainConstraints>false</useDomainConstraints>
<use>1</use>
<logicalDatatype>LOGDT024</logicalDatatype>
<dataTypeSize>500</dataTypeSize>
<ownDataTypeParameters>500,,</ownDataTypeParameters>
<autoIncrementCycle>false</autoIncrementCycle>
</Column>
</columns>
<indexes itemClass="oracle.dbtools.crest.model.design.relational.Index">
<ind_PK_UK id="AA62D93A-3C2D-AE40-6646-32636ADBA3DE" name="TiposUsuario_PK">
<createdBy>LUIS FELIPE</createdBy>
<createdTime>2023-09-27 01:13:16 UTC</createdTime>
<generatorID>26D1BDD1-2DBD-EEAE-2008-D4D35BC2DC88</generatorID>
<ownerDesignName>ModeloRelacionalFinal</ownerDesignName>
<pk>true</pk>
<indexState>Primary Constraint</indexState>
<isSurrogateKey>false</isSurrogateKey>
<indexColumnUsage>
<colUsage columnID="6BD8DBED-9B29-A584-5C70-A284B425CDD6"/>
</indexColumnUsage>
</ind_PK_UK>
</indexes>
</Table>