<?xml version = '1.0' encoding = 'UTF-8'?>
<Table class="oracle.dbtools.crest.model.design.relational.Table" directorySegmentName="seg_0" id="C9E60E6E-FE40-478C-A8C6-7D349C9DD769" name="Usuarios">
<createdBy>LUIS FELIPE</createdBy>
<createdTime>2023-09-27 01:13:16 UTC</createdTime>
<generatorID>71342151-70DC-3912-150A-354BA92A3099</generatorID>
<ownerDesignName>ModeloRelacionalFinal</ownerDesignName>
<allowColumnReorder>false</allowColumnReorder>
<existDependencyGenerateInDDl>true</existDependencyGenerateInDDl>
<parsed>true</parsed>
<columns itemClass="oracle.dbtools.crest.model.design.relational.Column">
<Column name="numero_documento" id="D5FB5FE9-531D-2F25-41BE-533C7C1EB078">
<createdBy>LUIS FELIPE</createdBy>
<createdTime>2023-09-27 01:13:16 UTC</createdTime>
<generatorID>0D87BE51-DE83-8F87-D7B8-23918182C4FB</generatorID>
<ownerDesignName>ModeloRelacionalFinal</ownerDesignName>
<useDomainConstraints>false</useDomainConstraints>
<use>1</use>
<logicalDatatype>LOGDT011</logicalDatatype>
<ownDataTypeParameters>,,</ownDataTypeParameters>
<autoIncrementCycle>false</autoIncrementCycle>
</Column>
<Column name="tipo_documento" id="E13A7042-7901-4AB4-AA0D-2A926A15D2C0">
<createdBy>LUIS FELIPE</createdBy>
<createdTime>2023-09-27 01:13:16 UTC</createdTime>
<generatorID>1B561D54-AF3D-9363-E8CD-BD0A8FF19A90</generatorID>
<ownerDesignName>ModeloRelacionalFinal</ownerDesignName>
<useDomainConstraints>false</useDomainConstraints>
<use>1</use>
<logicalDatatype>LOGDT024</logicalDatatype>
<dataTypeSize>200</dataTypeSize>
<ownDataTypeParameters>200,,</ownDataTypeParameters>
<autoIncrementCycle>false</autoIncrementCycle>
</Column>
<Column name="email" id="BB74DEDC-4F0C-5B24-FA9C-D99602126238">
<createdBy>LUIS FELIPE</createdBy>
<createdTime>2023-09-27 01:13:16 UTC</createdTime>
<generatorID>9830CC44-D9AC-83DD-3242-DE6D2C20DCC4</generatorID>
<ownerDesignName>ModeloRelacionalFinal</ownerDesignName>
<useDomainConstraints>false</useDomainConstraints>
<use>1</use>
<logicalDatatype>LOGDT024</logicalDatatype>
<dataTypeSize>200</dataTypeSize>
<ownDataTypeParameters>200,,</ownDataTypeParameters>
<autoIncrementCycle>false</autoIncrementCycle>
</Column>
<Column name="nombre" id="FFBDCD4A-62A1-FAF4-67A8-45D9AE1FEF10">
<createdBy>LUIS FELIPE</createdBy>
<createdTime>2023-09-27 01:13:16 UTC</createdTime>
<generatorID>4883F0C5-3B05-CC83-E0A0-C01FB175909D</generatorID>
<ownerDesignName>ModeloRelacionalFinal</ownerDesignName>
<useDomainConstraints>false</useDomainConstraints>
<use>1</use>
<logicalDatatype>LOGDT024</logicalDatatype>
<dataTypeSize>200</dataTypeSize>
<ownDataTypeParameters>200,,</ownDataTypeParameters>
<autoIncrementCycle>false</autoIncrementCycle>
</Column>
<Column name="fecha_entrada" id="A5F292B0-C06B-CDB2-A8BA-138E019CA863">
<createdBy>LUIS FELIPE</createdBy>
<createdTime>2023-09-27 01:13:16 UTC</createdTime>
<generatorID>B5940EF4-A260-317B-A9C1-2F60D93CE45D</generatorID>
<ownerDesignName>ModeloRelacionalFinal</ownerDesignName>
<useDomainConstraints>false</useDomainConstraints>
<use>1</use>
<logicalDatatype>LOGDT007</logicalDatatype>
<ownDataTypeParameters>,,</ownDataTypeParameters>
<autoIncrementCycle>false</autoIncrementCycle>
</Column>
<Column name="fecha_salida" id="59714839-7AD0-FCE2-9265-88609183AAC4">
<createdBy>LUIS FELIPE</createdBy>
<createdTime>2023-09-27 01:13:16 UTC</createdTime>
<generatorID>2D2AC496-092B-D777-0B08-A8A9FA2280D0</generatorID>
<ownerDesignName>ModeloRelacionalFinal</ownerDesignName>
<useDomainConstraints>false</useDomainConstraints>
<use>1</use>
<logicalDatatype>LOGDT007</logicalDatatype>
<ownDataTypeParameters>,,</ownDataTypeParameters>
<autoIncrementCycle>false</autoIncrementCycle>
</Column>
<Column name="codigo" id="A5A0AED3-21E8-C4F1-A020-5CD6E12BA680">
<createdBy>LUIS FELIPE</createdBy>
<createdTime>2023-09-27 01:13:16 UTC</createdTime>
<generatorID>94365D81-34EE-1D28-99D0-7404046A7F6D</generatorID>
<ownerDesignName>ModeloRelacionalFinal</ownerDesignName>
<useDomainConstraints>false</useDomainConstraints>
<use>1</use>
<logicalDatatype>LOGDT011</logicalDatatype>
<ownDataTypeParameters>,,</ownDataTypeParameters>
<autoIncrementCycle>false</autoIncrementCycle>
<isRelationshipColumn>true</isRelationshipColumn>
<dependOnForeignKeyID>4F56D926-18F3-D3AF-5FBD-B749155B380D</dependOnForeignKeyID>
<isDependOnFK_AsMandatory>true</isDependOnFK_AsMandatory>
</Column>
<Column name="fecha_inicio" id="109ADF2C-043A-0F53-B9C0-7C414A61E779">
<createdBy>LUIS FELIPE</createdBy>
<createdTime>2023-09-27 01:13:16 UTC</createdTime>
<generatorID>8BAD2CFC-8621-971A-7AE8-3D2C9B059AF9</generatorID>
<ownerDesignName>ModeloRelacionalFinal</ownerDesignName>
<useDomainConstraints>false</useDomainConstraints>
<use>1</use>
<logicalDatatype>LOGDT007</logicalDatatype>
<ownDataTypeParameters>,,</ownDataTypeParameters>
<autoIncrementCycle>false</autoIncrementCycle>
<isRelationshipColumn>true</isRelationshipColumn>
<dependOnForeignKeyID>4F56D926-18F3-D3AF-5FBD-B749155B380D</dependOnForeignKeyID>
<isDependOnFK_AsMandatory>true</isDependOnFK_AsMandatory>
</Column>
<Column name="fecha_fin" id="E381CD08-41ED-0F59-8FBD-8B77C49C5689">
<createdBy>LUIS FELIPE</createdBy>
<createdTime>2023-09-27 01:13:16 UTC</createdTime>
<generatorID>F628E1B1-61CA-1B50-1E9A-5939E2BD1F64</generatorID>
<ownerDesignName>ModeloRelacionalFinal</ownerDesignName>
<useDomainConstraints>false</useDomainConstraints>
<use>1</use>
<logicalDatatype>LOGDT007</logicalDatatype>
<ownDataTypeParameters>,,</ownDataTypeParameters>
<autoIncrementCycle>false</autoIncrementCycle>
<isRelationshipColumn>true</isRelationshipColumn>
<dependOnForeignKeyID>4F56D926-18F3-D3AF-5FBD-B749155B380D</dependOnForeignKeyID>
<isDependOnFK_AsMandatory>true</isDependOnFK_AsMandatory>
</Column>
<Column name="check_in" id="639D32CB-5B1F-18A9-3F85-5082054CDB43">
<createdBy>LUIS FELIPE</createdBy>
<createdTime>2023-09-27 01:13:16 UTC</createdTime>
<generatorID>F3175813-6F9E-A1F8-0671-982ECB33DEE2</generatorID>
<ownerDesignName>ModeloRelacionalFinal</ownerDesignName>
<useDomainConstraints>false</useDomainConstraints>
<use>1</use>
<logicalDatatype>LOGDT006</logicalDatatype>
<dataTypeSize>1</dataTypeSize>
<ownDataTypeParameters>1,,</ownDataTypeParameters>
<autoIncrementCycle>false</autoIncrementCycle>
<isRelationshipColumn>true</isRelationshipColumn>
<dependOnForeignKeyID>4F56D926-18F3-D3AF-5FBD-B749155B380D</dependOnForeignKeyID>
<isDependOnFK_AsMandatory>true</isDependOnFK_AsMandatory>
</Column>
<Column name="check_out" id="54E67E59-0365-17D4-5398-6D72447D7417">
<createdBy>LUIS FELIPE</createdBy>
<createdTime>2023-09-27 01:13:16 UTC</createdTime>
<generatorID>05F2B48E-B44D-1F98-1A2E-377951454C94</generatorID>
<ownerDesignName>ModeloRelacionalFinal</ownerDesignName>
<useDomainConstraints>false</useDomainConstraints>
<use>1</use>
<logicalDatatype>LOGDT006</logicalDatatype>
<dataTypeSize>1</dataTypeSize>
<ownDataTypeParameters>1,,</ownDataTypeParameters>
<autoIncrementCycle>false</autoIncrementCycle>
<isRelationshipColumn>true</isRelationshipColumn>
<dependOnForeignKeyID>4F56D926-18F3-D3AF-5FBD-B749155B380D</dependOnForeignKeyID>
<isDependOnFK_AsMandatory>true</isDependOnFK_AsMandatory>
</Column>
<Column name="TiposUsuario_nombre" id="06E24731-3279-A436-8A11-5BFE9BA2D5D6">
<createdBy>LUIS FELIPE</createdBy>
<createdTime>2023-09-27 01:40:14 UTC</createdTime>
<generatorID>666714B2-9CAB-A0CD-7AEB-59907EA40A65</generatorID>
<ownerDesignName>ModeloRelacionalFinal</ownerDesignName>
<useDomainConstraints>false</useDomainConstraints>
<use>1</use>
<logicalDatatype>LOGDT024</logicalDatatype>
<dataTypeSize>200</dataTypeSize>
<ownDataTypeParameters>,,</ownDataTypeParameters>
<previousColumn>false</previousColumn>
<autoIncrementCycle>false</autoIncrementCycle>
<associations>
<colAssociation fkAssociation="20BBE0EA-DD12-81B6-8641-1EDE68FDEE47" referredColumn="6BD8DBED-9B29-A584-5C70-A284B425CDD6"/>
</associations>
</Column>
<Column name="PlanesConsumo_nombre" id="9D7130CE-5D5D-89C7-FFCA-33C923EC1765">
<createdBy>LUIS FELIPE</createdBy>
<createdTime>2023-09-27 01:40:14 UTC</createdTime>
<generatorID>480D9752-AFF0-7BAF-6F54-6FCE31F9167D</generatorID>
<ownerDesignName>ModeloRelacionalFinal</ownerDesignName>
<nullsAllowed>true</nullsAllowed>
<useDomainConstraints>false</useDomainConstraints>
<use>1</use>
<logicalDatatype>LOGDT024</logicalDatatype>
<dataTypeSize>200</dataTypeSize>
<ownDataTypeParameters>,,</ownDataTypeParameters>
<previousColumn>false</previousColumn>
<autoIncrementCycle>false</autoIncrementCycle>
<associations>
<colAssociation fkAssociation="57C85032-3F76-A702-E5DD-D1D2AAEEB2B3" referredColumn="D2FBFB82-D5D8-E98B-9E5D-0C3CE61D8C77"/>
</associations>
</Column>
</columns>
<indexes itemClass="oracle.dbtools.crest.model.design.relational.Index">
<ind_PK_UK id="BDD001EE-72D1-5CC4-A084-00834A3F5BA7" name="Usuarios_PK">
<createdBy>LUIS FELIPE</createdBy>
<createdTime>2023-09-27 01:13:16 UTC</createdTime>
<generatorID>01E91E18-A847-9529-1CE6-7A7EB51DE1B2</generatorID>
<ownerDesignName>ModeloRelacionalFinal</ownerDesignName>
<pk>true</pk>
<indexState>Primary Constraint</indexState>
<isSurrogateKey>false</isSurrogateKey>
<indexColumnUsage>
<colUsage columnID="D5FB5FE9-531D-2F25-41BE-533C7C1EB078"/>
</indexColumnUsage>
</ind_PK_UK>
<ind_PK_UK id="8C9E3E34-7C37-6C40-A604-60F1CEC99450" name="Usuarios__IDX">
<createdBy>LUIS FELIPE</createdBy>
<createdTime>2023-09-27 01:40:15 UTC</createdTime>
<ownerDesignName>ModeloRelacionalFinal</ownerDesignName>
<isSurrogateKey>false</isSurrogateKey>
<relationGeneratorID>8B9E28C0-739E-6B1A-E862-57759302BB63</relationGeneratorID>
<indexColumnUsage>
<colUsage columnID="9D7130CE-5D5D-89C7-FFCA-33C923EC1765"/>
</indexColumnUsage>
</ind_PK_UK>
<ind_PK_UK id="788A53D2-F022-4395-BB76-579094B506EF" name="Usuarios__IDXv1">
<createdBy>LUIS FELIPE</createdBy>
<createdTime>2023-09-27 01:40:15 UTC</createdTime>
<ownerDesignName>ModeloRelacionalFinal</ownerDesignName>
<isSurrogateKey>false</isSurrogateKey>
<relationGeneratorID>4C7DEF62-7447-C241-EBAF-65DBCF7BCB86</relationGeneratorID>
<indexColumnUsage>
<colUsage columnID="06E24731-3279-A436-8A11-5BFE9BA2D5D6"/>
</indexColumnUsage>
</ind_PK_UK>
<ind_PK_UK id="5DEB17EB-A66A-A3E0-F425-FAE55FA06A99" name="Usuarios_PlanesConsumo_FK">
<createdBy>LUIS FELIPE</createdBy>
<createdTime>2023-09-27 01:40:14 UTC</createdTime>
<generatorID>8B9E28C0-739E-6B1A-E862-57759302BB63</generatorID>
<ownerDesignName>ModeloRelacionalFinal</ownerDesignName>
<indexState>Foreign Key</indexState>
<isSurrogateKey>false</isSurrogateKey>
<indexColumnUsage>
<colUsage columnID="9D7130CE-5D5D-89C7-FFCA-33C923EC1765"/>
</indexColumnUsage>
</ind_PK_UK>
<ind_PK_UK id="740E509F-FFC6-E065-E88C-B77D4F313C2B" name="Usuarios_TiposUsuario_FK">
<createdBy>LUIS FELIPE</createdBy>
<createdTime>2023-09-27 01:40:15 UTC</createdTime>
<generatorID>4C7DEF62-7447-C241-EBAF-65DBCF7BCB86</generatorID>
<ownerDesignName>ModeloRelacionalFinal</ownerDesignName>
<indexState>Foreign Key</indexState>
<isSurrogateKey>false</isSurrogateKey>
<indexColumnUsage>
<colUsage columnID="06E24731-3279-A436-8A11-5BFE9BA2D5D6"/>
</indexColumnUsage>
</ind_PK_UK>
</indexes>
</Table>