<?xml version = '1.0' encoding = 'UTF-8'?>
<Table class="oracle.dbtools.crest.model.design.relational.Table" directorySegmentName="seg_0" id="DE56D1F2-2FBB-12FD-7F1F-D84340D33319" name="Consumos">
<createdBy>LUIS FELIPE</createdBy>
<createdTime>2023-09-27 01:13:16 UTC</createdTime>
<generatorID>29CED52B-41AC-928B-9206-AAB372CEBB35</generatorID>
<ownerDesignName>ModeloRelacionalFinal</ownerDesignName>
<allowColumnReorder>false</allowColumnReorder>
<existDependencyGenerateInDDl>true</existDependencyGenerateInDDl>
<parsed>true</parsed>
<columns itemClass="oracle.dbtools.crest.model.design.relational.Column">
<Column name="numero_factura" id="2FAC4D3F-5B80-93BF-5FE9-4F46C5191A02">
<createdBy>LUIS FELIPE</createdBy>
<createdTime>2023-09-27 01:13:16 UTC</createdTime>
<generatorID>F7B6B40F-F16F-A813-3ADA-5E7346930D30</generatorID>
<ownerDesignName>ModeloRelacionalFinal</ownerDesignName>
<useDomainConstraints>false</useDomainConstraints>
<use>1</use>
<logicalDatatype>LOGDT011</logicalDatatype>
<ownDataTypeParameters>,,</ownDataTypeParameters>
<autoIncrementCycle>false</autoIncrementCycle>
</Column>
<Column name="costo" id="7012A96C-3834-F862-18B6-5CE43B2B1376">
<createdBy>LUIS FELIPE</createdBy>
<createdTime>2023-09-27 01:13:16 UTC</createdTime>
<generatorID>329EBE0B-5EA2-A85E-1ABE-1518961D1A29</generatorID>
<ownerDesignName>ModeloRelacionalFinal</ownerDesignName>
<useDomainConstraints>false</useDomainConstraints>
<use>1</use>
<logicalDatatype>LOGDT011</logicalDatatype>
<ownDataTypeParameters>,,</ownDataTypeParameters>
<autoIncrementCycle>false</autoIncrementCycle>
</Column>
<Column name="fecha" id="C00C1DC1-628F-7F26-2D24-EF24A1E253B8">
<createdBy>LUIS FELIPE</createdBy>
<createdTime>2023-09-27 01:13:16 UTC</createdTime>
<generatorID>12CF8663-C9FC-C545-C8A5-7A6AB585CC2A</generatorID>
<ownerDesignName>ModeloRelacionalFinal</ownerDesignName>
<useDomainConstraints>false</useDomainConstraints>
<use>1</use>
<logicalDatatype>LOGDT007</logicalDatatype>
<ownDataTypeParameters>,,</ownDataTypeParameters>
<autoIncrementCycle>false</autoIncrementCycle>
</Column>
<Column name="Habitaciones_numero" id="4EE32188-F2AB-F4BB-FB6B-3BE6E876C81E">
<createdBy>LUIS FELIPE</createdBy>
<createdTime>2023-09-27 01:13:16 UTC</createdTime>
<generatorID>DC72D1E7-851D-EBE3-CC9C-6D5EA3418E64</generatorID>
<ownerDesignName>ModeloRelacionalFinal</ownerDesignName>
<useDomainConstraints>false</useDomainConstraints>
<use>1</use>
<logicalDatatype>LOGDT011</logicalDatatype>
<ownDataTypeParameters>,,</ownDataTypeParameters>
<previousColumn>false</previousColumn>
<autoIncrementCycle>false</autoIncrementCycle>
<associations>
<colAssociation fkAssociation="6A061F78-7C9A-5091-9772-474E02EFA08D" referredColumn="F2B03E8F-6445-235A-922C-F2DF379919B0"/>
</associations>
</Column>
<Column name="Facturas_numero" id="F98A4A83-3D27-17EB-0FE4-E2CBF8926858">
<createdBy>LUIS FELIPE</createdBy>
<createdTime>2023-09-27 01:47:09 UTC</createdTime>
<generatorID>2E5A2222-D7E3-FF4D-BF30-71D3A1EB65C0</generatorID>
<ownerDesignName>ModeloRelacionalFinal</ownerDesignName>
<useDomainConstraints>false</useDomainConstraints>
<use>1</use>
<logicalDatatype>LOGDT011</logicalDatatype>
<ownDataTypeParameters>,,</ownDataTypeParameters>
<previousColumn>false</previousColumn>
<autoIncrementCycle>false</autoIncrementCycle>
<associations>
<colAssociation fkAssociation="60ABF286-E392-BF28-2EE4-66663490EBE6" referredColumn="0D884E70-851A-7EF3-D838-2F99989F251F"/>
</associations>
</Column>
</columns>
<indexes itemClass="oracle.dbtools.crest.model.design.relational.Index">
<ind_PK_UK id="482BF668-E7FA-0A03-A671-A4C45E38FF0D" name="Consumos_PK">
<createdBy>LUIS FELIPE</createdBy>
<createdTime>2023-09-27 01:13:16 UTC</createdTime>
<generatorID>36028F67-C12F-9B3A-D4BD-C6E8DD5B7148</generatorID>
<ownerDesignName>ModeloRelacionalFinal</ownerDesignName>
<pk>true</pk>
<indexState>Primary Constraint</indexState>
<isSurrogateKey>false</isSurrogateKey>
<indexColumnUsage>
<colUsage columnID="2FAC4D3F-5B80-93BF-5FE9-4F46C5191A02"/>
</indexColumnUsage>
</ind_PK_UK>
<ind_PK_UK id="5ECC22B3-D7E0-C025-39C5-FC03DE1A0D63" name="Consumos__IDX">
<createdBy>LUIS FELIPE</createdBy>
<createdTime>2023-09-27 01:47:10 UTC</createdTime>
<ownerDesignName>ModeloRelacionalFinal</ownerDesignName>
<indexState>Unique Plain Index</indexState>
<isSurrogateKey>false</isSurrogateKey>
<relationGeneratorID>8C8D3E6D-74A3-DF29-21F4-C74635B56266</relationGeneratorID>
<indexColumnUsage>
<colUsage columnID="F98A4A83-3D27-17EB-0FE4-E2CBF8926858"/>
</indexColumnUsage>
</ind_PK_UK>
<ind_PK_UK id="08CD60E2-2D67-8357-2161-AA2DC965BC02" name="Consumos_Habitaciones_FK">
<createdBy>LUIS FELIPE</createdBy>
<createdTime>2023-09-27 01:13:16 UTC</createdTime>
<generatorID>5D46665D-4E15-7AA2-4961-3AFA0BF95D8F</generatorID>
<ownerDesignName>ModeloRelacionalFinal</ownerDesignName>
<indexState>Foreign Key</indexState>
<isSurrogateKey>false</isSurrogateKey>
<indexColumnUsage>
<colUsage columnID="4EE32188-F2AB-F4BB-FB6B-3BE6E876C81E"/>
</indexColumnUsage>
</ind_PK_UK>
<ind_PK_UK id="6DA6C263-B472-4187-4843-380B99D48185" name="Consumos_Facturas_FK">
<createdBy>LUIS FELIPE</createdBy>
<createdTime>2023-09-27 01:47:10 UTC</createdTime>
<generatorID>8C8D3E6D-74A3-DF29-21F4-C74635B56266</generatorID>
<ownerDesignName>ModeloRelacionalFinal</ownerDesignName>
<indexState>Foreign Key</indexState>
<isSurrogateKey>false</isSurrogateKey>
<indexColumnUsage>
<colUsage columnID="F98A4A83-3D27-17EB-0FE4-E2CBF8926858"/>
</indexColumnUsage>
</ind_PK_UK>
</indexes>
</Table>