<?xml version = '1.0' encoding = 'UTF-8'?>
<Table class="oracle.dbtools.crest.model.design.relational.Table" directorySegmentName="seg_0" id="DF27B3BB-6561-433C-7921-A10DF9100A03" name="Bares">
<createdBy>LUIS FELIPE</createdBy>
<createdTime>2023-09-27 01:13:16 UTC</createdTime>
<generatorID>5A8FE696-4509-5428-162C-3084633C8B46</generatorID>
<ownerDesignName>ModeloRelacionalFinal</ownerDesignName>
<allowColumnReorder>false</allowColumnReorder>
<existDependencyGenerateInDDl>true</existDependencyGenerateInDDl>
<parsed>true</parsed>
<columns itemClass="oracle.dbtools.crest.model.design.relational.Column">
<Column name="id_servicio" id="E9DF2CAF-5480-A253-D3F6-63786A8BC734">
<createdBy>LUIS FELIPE</createdBy>
<createdTime>2023-09-27 01:13:16 UTC</createdTime>
<generatorID>F82CFED2-67B0-E04D-BC8D-2255163AFD56</generatorID>
<ownerDesignName>ModeloRelacionalFinal</ownerDesignName>
<useDomainConstraints>false</useDomainConstraints>
<use>1</use>
<logicalDatatype>LOGDT011</logicalDatatype>
<ownDataTypeParameters>,,</ownDataTypeParameters>
<autoIncrementCycle>false</autoIncrementCycle>
<associations>
<colAssociation fkAssociation="1CC6BAED-68B6-F576-97DD-26F49CD6763E" referredColumn="A2A817A0-8D45-3615-2A3A-02101BA21782"/>
</associations>
</Column>
<Column name="capacidad" id="C2C1A46E-DB51-3534-3243-125D05B15F11">
<createdBy>LUIS FELIPE</createdBy>
<createdTime>2023-09-27 01:13:16 UTC</createdTime>
<generatorID>FDE82544-C091-683D-C8E8-20BDFF25E1D6</generatorID>
<ownerDesignName>ModeloRelacionalFinal</ownerDesignName>
<useDomainConstraints>false</useDomainConstraints>
<use>1</use>
<logicalDatatype>LOGDT011</logicalDatatype>
<ownDataTypeParameters>,,</ownDataTypeParameters>
<autoIncrementCycle>false</autoIncrementCycle>
</Column>
<Column name="estilo" id="E057AD2F-9A7B-8E0E-C520-D2D7E465D056">
<createdBy>LUIS FELIPE</createdBy>
<createdTime>2023-09-27 01:13:16 UTC</createdTime>
<generatorID>244272C0-2B37-66A0-4DDD-F15E1C06A34E</generatorID>
<ownerDesignName>ModeloRelacionalFinal</ownerDesignName>
<useDomainConstraints>false</useDomainConstraints>
<use>1</use>
<logicalDatatype>LOGDT024</logicalDatatype>
<dataTypeSize>200</dataTypeSize>
<ownDataTypeParameters>200,,</ownDataTypeParameters>
<autoIncrementCycle>false</autoIncrementCycle>
</Column>
</columns>
<indexes itemClass="oracle.dbtools.crest.model.design.relational.Index">
<ind_PK_UK id="0454828E-C3A1-465C-42B1-3437EC40ED46" name="Bares_PK">
<createdBy>LUIS FELIPE</createdBy>
<createdTime>2023-09-27 01:13:16 UTC</createdTime>
<generatorID>11364033-B415-B7AB-9F2E-6539D0FF3EDE</generatorID>
<ownerDesignName>ModeloRelacionalFinal</ownerDesignName>
<pk>true</pk>
<indexState>Primary Constraint</indexState>
<isSurrogateKey>false</isSurrogateKey>
<indexColumnUsage>
<colUsage columnID="E9DF2CAF-5480-A253-D3F6-63786A8BC734"/>
</indexColumnUsage>
</ind_PK_UK>
<ind_PK_UK id="86C1628D-0883-7A99-0C47-A186CC7D458F" name="Bares_Servicios_FK">
<createdBy>LUIS FELIPE</createdBy>
<createdTime>2023-09-27 01:13:16 UTC</createdTime>
<generatorID>8C573331-E69E-BAAB-2E11-508B4E5BD57F</generatorID>
<ownerDesignName>ModeloRelacionalFinal</ownerDesignName>
<indexState>Foreign Key</indexState>
<isSurrogateKey>false</isSurrogateKey>
<indexColumnUsage>
<colUsage columnID="E9DF2CAF-5480-A253-D3F6-63786A8BC734"/>
</indexColumnUsage>
</ind_PK_UK>
</indexes>
</Table>